Sr No.,Benchmark,Kernel Name,grid_size,block_size,Total Threads,reg_thread,shmem_block,comp_inst_kernel,comp_inst_sim,comp_lat_sim,avg_comp_lat,glob_inst_kernel,glob_inst_sim,glob_lat_sim,avg_glob_lat,shar_inst_kernel,shar_inst_sim,shar_lat_sim,avg_shar_lat,misc_inst_kernel,misc_inst_sim,misc_lat_sim,avg_misc_lat,total_inst,branch,glob_load_sim,glob_store_sim,inst_issue_cycles,sm_active,waves,n_warps,cache_penalty,occupancy,Power,wtotal,Global_Throughput,sh_penalty,sh_throughput,glb_penalty
1,cdpSimpleQuickSort,cdpSimpleQuickSort,64,8,512,30,0,93,93,3455,37.15053763,11,11,4244,385.8181818,0,0,0,0,341,341,3410,10,445,16,7,4,14,,,,15.19661458,0.5,47.35887,1,,,,
2,cdpSimpleQuickSort,cdpSimpleQuickSort,64,16,1024,30,0,93,93,3455,37.15053763,11,11,4244,385.8181818,0,0,0,0,341,341,3410,10,445,16,7,4,28,,,,30.39322917,0.5,47.61967,1,,,,
3,cdpSimpleQuickSort,cdpSimpleQuickSort,64,32,2048,30,0,93,93,3455,37.15053763,11,11,4244,385.8181818,0,0,0,0,341,341,3410,10,445,16,7,4,56,,,,60.78645833,0.5,48.47814,1,,,,
4,cdpSimpleQuickSort,cdpSimpleQuickSort,64,64,4096,30,0,93,93,3455,37.15053763,11,11,4244,385.8181818,0,0,0,0,341,341,3410,10,445,16,7,4,111,,,,121.5729167,1,51.98743,1,,,,
5,cdpSimpleQuickSort,cdpSimpleQuickSort,64,128,8192,30,0,93,93,3455,37.15053763,11,11,4244,385.8181818,0,0,0,0,341,341,3410,10,445,16,7,4,223,,,,243.1458333,1,55.93268,1,,,,
6,cdpSimpleQuickSort,cdpSimpleQuickSort,16,256,4096,30,0,93,93,3455,37.15053763,11,11,4244,385.8181818,0,0,0,0,341,341,3410,10,445,16,7,4,111,,,,121.5729167,1,62.97238,1,,,,
7,cdpSimpleQuickSort,cdpSimpleQuickSort,64,512,32768,30,0,93,93,3455,37.15053763,11,11,4244,385.8181818,0,0,0,0,341,341,3410,10,445,16,7,4,890,,,,486.2916667,1,62.713,2,,,,
8,cdpSimpleQuickSort,cdpSimpleQuickSort,64,1024,65536,30,0,93,93,3455,37.15053763,11,11,4244,385.8181818,0,0,0,0,341,341,3410,10,445,16,7,4,1780,,,,648.3888889,1,59.46006,3,,,,
9,cdpSimpleQuickSort,cdpSimpleQuickSort,256,8,2048,30,0,93,93,3455,37.15053763,11,11,4244,385.8181818,0,0,0,0,341,341,3410,10,445,16,7,4,56,,,,60.78645833,0.5,54.48481,1,,,,
10,cdpSimpleQuickSort,cdpSimpleQuickSort,256,16,4096,30,0,93,93,3455,37.15053763,11,11,4244,385.8181818,0,0,0,0,341,341,3410,10,445,16,7,4,111,,,,121.5729167,0.5,55.32189,1,,,,
11,cdpSimpleQuickSort,cdpSimpleQuickSort,256,32,8192,30,0,93,93,3455,37.15053763,11,11,4244,385.8181818,0,0,0,0,341,341,3410,10,445,16,7,4,223,,,,243.1458333,0.5,57.39371,1,,,,
12,cdpSimpleQuickSort,cdpSimpleQuickSort,256,64,16384,30,0,93,93,3455,37.15053763,11,11,4244,385.8181818,0,0,0,0,341,341,3410,10,445,16,7,4,445,,,,243.1458333,1,59.66521,2,,,,
13,cdpSimpleQuickSort,cdpSimpleQuickSort,256,128,32768,30,0,93,93,3455,37.15053763,11,11,4244,385.8181818,0,0,0,0,341,341,3410,10,445,16,7,4,890,,,,486.2916667,1,62.97065,2,,,,
14,cdpSimpleQuickSort,cdpSimpleQuickSort,256,256,65536,30,0,93,93,3455,37.15053763,11,11,4244,385.8181818,0,0,0,0,341,341,3410,10,445,16,7,4,1780,,,,648.3888889,1,58.97218,3,,,,
15,cdpSimpleQuickSort,cdpSimpleQuickSort,32,512,16384,30,0,93,93,3455,37.15053763,11,11,4244,385.8181818,0,0,0,0,341,341,3410,10,445,16,7,4,445,,,,243.1458333,1,61.02614,2,,,,
16,cdpSimpleQuickSort,cdpSimpleQuickSort,32,1024,32768,30,0,93,93,3455,37.15053763,11,11,4244,385.8181818,0,0,0,0,341,341,3410,10,445,16,7,4,890,,,,486.2916667,1,69.75821,2,,,,
17,ConvolutionSeperable,ConvS_R,18432,128,2359296,31,2560,184,1320,27632,20.93333333,22,144,53440,371.1111111,73,1032,37152,36,5,4280,42800,10,6776,16,80,64,975744,,,,167290.4348,1,188.07309,69,,,,
18,ConvolutionSeperable,ConvS_C,9216,64,589824,31,5184,184,736,16580,22.52717391,22,144,26720,371.1111111,73,808,29088,36,5,2380,23800,10,4068,8,40,32,146448,,,,80160,0.56,200.83054,18,,,,
19,ConvolutionTexture,ConvT_R,24576,192,4718592,32,0,55,1595,48372,30.32727273,4,29,7830,270,0,0,0,0,2,5974,59740,10,7598,29,0,29,2188224,,,,5008.897059,0.94,142.98915,136,,,,
20,ConvolutionTexture,ConvT_C,24576,192,4718592,32,0,55,1595,48372,30.32727273,4,58,7830,270,0,0,0,0,2,5974,59740,10,7627,29,0,29,2196576,,,,10017.79412,0.94,146.62035,136,,,,
21,FastWalsh,FWT_B1,4096,512,2097152,18,0,68,4134,56173,13.58805031,5,546,9386,361,7,546,19656,36,3,4056,40560,10,9282,143,13,13,1188096,,,,112016.5246,1,121.35173,61,,,,
22,FastWalsh,FWT_M,128,256,32768,14,0,17,878,8779,9.998861048,6,628,1174,391.3333333,7,868,31248,36,2,62,620,10,2436,2,2,1,4872,,,,7679.916667,1,93.40559,2,,,,
23,Histogram,histogram256Kernel,240,192,46080,29,6144,63,533,6860,12.87054409,5,46,722,361,6,323,11628,36,10,294,2940,10,1196,4,1,1,3364,,,,486.5039063,0.94,119.26812,2,,,,
24,Histogram,mergeHistogram256Kernel,256,256,65536,16,1024,39,119,2167,18.21008403,5,58,15660,361,80,340,12240,36,8,172,1720,10,689,11,1,1,2756,,,,12615,1,42.229,3,,,,
25,Histogram,histogram64Kernel,4370,64,279680,32,4096,39,2142,37164,17.35014006,5,24,1444,361,480,480,17280,36,30,2192,21920,10,4838,6,2,2,82586,,,,684.7092014,0.75,161.25959,9,,,,
26,MatrixMul,MatrixMul_200,200,1024,204800,32,8192,73,8273,75908,9.175389822,8,403,181974,451.5483871,64,12864,463104,36,6,635,6350,10,22175,2,402,1,277188,,,,1364128.013,1,53.84169,7,,,,
27,MatrixMul,MatrixMul_256,256,1024,262144,32,8192,73,21138,193144,9.137288296,8,1030,465196,451.6466019,64,32896,1184256,36,6,1494,14940,10,56558,4,1028,2,904928,,,,8873182.963,1,73.13773,9,,,,
28,MatrixMul,MatrixMul_1024,1024,1024,1048576,32,8192,73,252342,2279784,9.034500797,8,12306,5561220,451.9112628,64,393600,14169600,36,6,13698,136980,10,671946,12,12300,6,43004544,,,,1471749964,1,137.26381,31,,,,
29,MatrixMul,MatrixMul_100,25,1024,25600,32,8192,73,4173,39008,9.347711479,8,203,91574,451.1034483,64,6464,232704,36,6,435,4350,10,11275,2,202,1,17617,,,,151281.9173,1,39.804,2,,,,
30,MergeSort,mergeElementaryIntervals,32768,128,4194304,19,2072,73,32384,733824,22.66007905,20,1024,4998144,443.7272727,38,3840,138240,36,34,44672,446720,10,81920,768,10752,512,20971520,,,,112795580.3,1,149.24891,121,,,,
31,MergeSort,MergeMS_generateSample,4096,512,2097152,19,0,71,1105,56797,51.4,14,338,122018,361,24,312,11232,36,13,3549,35490,10,5304,91,169,169,678912,,,,901466.3169,1,175.56011,61,,,,
32,MergeSort,mergeRanksAndIndices,64,256,16384,16,0,66,1040,47905,46.0625,11,78,30524,391.3333333,24,312,11232,36,13,3328,33280,10,4758,91,52,26,4758,,,,12400.375,1,45.289,2,,,,
33,MergeSort,mergeSortSharedKernel,64,256,16384,19,8192,73,1183,59527,50.31868132,13,104,37544,361,32,1536,55296,36,15,3601,36010,10,6424,78,52,52,6424,,,,20336.33333,1,44.735,2,,,,
34,QuasiRandom,QR_QRNG,128,128,16384,40,0,57,4357,40195,9.225384439,1,101,27270,270,0,0,0,0,4,6373,63730,10,10831,2,0,101,10831,,,,14345.15625,0.75,148.85948,2,,,,
35,QuasiRandom,QR_QRNG,128,256,32768,40,0,57,4357,40195,9.225384439,1,101,27270,270,0,0,0,0,4,6373,63730,10,10831,2,0,101,21662,,,,28690.3125,0.75,166.43285,2,,,,
36,QuasiRandom,QR_QRNG,128,384,49152,40,0,57,4357,40195,9.225384439,1,101,27270,270,0,0,0,0,4,6373,63730,10,10831,2,0,101,32493,,,,43035.46875,0.75,178.59075,2,,,,
37,QuasiRandom,QR_QRNG,128,512,65536,40,0,57,4357,40195,9.225384439,1,101,27270,270,0,0,0,0,4,6373,63730,10,10831,2,0,101,43324,,,,38253.75,0.75,180.9149,3,,,,
38,QuasiRandom,QR_QRNG,128,640,81920,40,0,57,4357,40195,9.225384439,1,101,27270,270,0,0,0,0,4,6373,63730,10,10831,2,0,101,54155,,,,47817.1875,0.63,183.64659,3,,,,
39,saxpy,saxpy,128,16,2048,10,0,14,14,936,66.85714286,3,3,1174,391.3333333,0,0,0,0,48,48,480,10,65,1,2,1,8,,,,4.5859375,0.5,55.4049,1,,,,
40,saxpy,saxpy,128,32,4096,10,0,14,14,936,66.85714286,3,3,1174,391.3333333,0,0,0,0,48,48,480,10,65,1,2,1,16,,,,9.171875,0.5,55.59623,1,,,,
41,saxpy,saxpy,256,16,4096,10,0,14,14,936,66.85714286,3,3,1174,391.3333333,0,0,0,0,48,48,480,10,65,1,2,1,16,,,,9.171875,0.5,57.48486,1,,,,
42,saxpy,saxpy,128,64,8192,10,0,14,14,936,66.85714286,3,3,1174,391.3333333,0,0,0,0,48,48,480,10,65,1,2,1,33,,,,18.34375,1,58.14371,1,,,,
43,saxpy,saxpy,512,16,8192,10,0,14,14,936,66.85714286,3,3,1174,391.3333333,0,0,0,0,48,48,480,10,65,1,2,1,33,,,,18.34375,0.5,59.23207,1,,,,
44,saxpy,saxpy,10,1024,10240,10,0,14,14,936,66.85714286,3,3,1174,391.3333333,0,0,0,0,48,48,480,10,65,1,2,1,41,,,,22.9296875,1,58.351,1,,,,
45,saxpy,saxpy,20,512,10240,10,0,14,14,936,66.85714286,3,3,1174,391.3333333,0,0,0,0,48,48,480,10,65,1,2,1,41,,,,22.9296875,1,58.87145,1,,,,
46,saxpy,saxpy,40,256,10240,10,0,14,14,936,66.85714286,3,3,1174,391.3333333,0,0,0,0,48,48,480,10,65,1,2,1,41,,,,22.9296875,1,58.72128,1,,,,
47,saxpy,saxpy,80,128,10240,10,0,14,14,936,66.85714286,3,3,1174,391.3333333,0,0,0,0,48,48,480,10,65,1,2,1,41,,,,22.9296875,1,59.27329,1,,,,
48,saxpy,saxpy,150,64,9600,10,0,14,14,936,66.85714286,3,3,1174,391.3333333,0,0,0,0,48,48,480,10,65,1,2,1,38,,,,21.49658203,1,58.45539,1,,,,
49,saxpy,saxpy,320,32,10240,10,0,14,14,936,66.85714286,3,3,1174,391.3333333,0,0,0,0,48,48,480,10,65,1,2,1,41,,,,22.9296875,0.5,60.0795,1,,,,
50,saxpy,saxpy,640,16,10240,10,0,14,14,936,66.85714286,3,3,1174,391.3333333,0,0,0,0,48,48,480,10,65,1,2,1,41,,,,22.9296875,0.5,58.48504,1,,,,
51,saxpy,saxpy,128,128,16384,10,0,14,14,936,66.85714286,3,3,1174,391.3333333,0,0,0,0,48,48,480,10,65,1,2,1,65,,,,18.34375,1,59.22647,2,,,,
52,saxpy,saxpy,256,64,16384,10,0,14,14,936,66.85714286,3,3,1174,391.3333333,0,0,0,0,48,48,480,10,65,1,2,1,65,,,,18.34375,1,59.73294,2,,,,
53,saxpy,saxpy,512,32,16384,10,0,14,14,936,66.85714286,3,3,1174,391.3333333,0,0,0,0,48,48,480,10,65,1,2,1,65,,,,18.34375,0.5,57.89867,2,,,,
54,saxpy,saxpy,1024,16,16384,10,0,14,14,936,66.85714286,3,3,1174,391.3333333,0,0,0,0,48,48,480,10,65,1,2,1,65,,,,18.34375,0.5,61.24246,2,,,,
55,saxpy,saxpy,1280,16,20480,10,0,14,14,936,66.85714286,3,3,1174,391.3333333,0,0,0,0,48,48,480,10,65,1,2,1,81,,,,22.9296875,0.5,61.3157,2,,,,
56,saxpy,saxpy,128,256,32768,10,0,14,14,936,66.85714286,3,3,1174,391.3333333,0,0,0,0,48,48,480,10,65,1,2,1,130,,,,36.6875,1,57.94939,2,,,,
57,saxpy,saxpy,512,64,32768,10,0,14,14,936,66.85714286,3,3,1174,391.3333333,0,0,0,0,48,48,480,10,65,1,2,1,130,,,,36.6875,1,60.20504,2,,,,
58,saxpy,saxpy,1024,32,32768,10,0,14,14,936,66.85714286,3,3,1174,391.3333333,0,0,0,0,48,48,480,10,65,1,2,1,130,,,,36.6875,0.5,59.44232,2,,,,
59,saxpy,saxpy,1280,32,40960,10,0,14,14,936,66.85714286,3,3,1174,391.3333333,0,0,0,0,48,48,480,10,65,1,2,1,163,,,,45.859375,0.5,58.30286,2,,,,
60,saxpy,saxpy,2560,16,40960,10,0,14,14,936,66.85714286,3,3,1174,391.3333333,0,0,0,0,48,48,480,10,65,1,2,1,163,,,,45.859375,0.5,61.44533,2,,,,
61,saxpy,saxpy,128,512,65536,10,0,14,14,936,66.85714286,3,3,1174,391.3333333,0,0,0,0,48,48,480,10,65,1,2,1,260,,,,48.91666667,1,61.50824,3,,,,
62,saxpy,saxpy,256,256,65536,10,0,14,14,936,66.85714286,3,3,1174,391.3333333,0,0,0,0,48,48,480,10,65,1,2,1,260,,,,48.91666667,1,61.47298,3,,,,
63,saxpy,saxpy,512,128,65536,10,0,14,14,936,66.85714286,3,3,1174,391.3333333,0,0,0,0,48,48,480,10,65,1,2,1,260,,,,48.91666667,1,61.23081,3,,,,
64,saxpy,saxpy,1024,64,65536,10,0,14,14,936,66.85714286,3,3,1174,391.3333333,0,0,0,0,48,48,480,10,65,1,2,1,260,,,,48.91666667,1,61.01752,3,,,,
65,saxpy,saxpy,1280,64,81920,10,0,14,14,936,66.85714286,3,3,1174,391.3333333,0,0,0,0,48,48,480,10,65,1,2,1,325,,,,61.14583333,1,57.31142,3,,,,
66,saxpy,saxpy,2560,32,81920,10,0,14,14,936,66.85714286,3,3,1174,391.3333333,0,0,0,0,48,48,480,10,65,1,2,1,325,,,,61.14583333,0.5,60.47724,3,,,,
67,saxpy,saxpy,5120,16,81920,10,0,14,14,936,66.85714286,3,3,1174,391.3333333,0,0,0,0,48,48,480,10,65,1,2,1,325,,,,61.14583333,0.5,61.37465,3,,,,
68,saxpy,saxpy,200,512,102400,10,0,14,14,936,66.85714286,3,3,1174,391.3333333,0,0,0,0,48,48,480,10,65,1,2,1,406,,,,57.32421875,1,62.7659,4,,,,
69,saxpy,saxpy,400,256,102400,10,0,14,14,936,66.85714286,3,3,1174,391.3333333,0,0,0,0,48,48,480,10,65,1,2,1,406,,,,57.32421875,1,63.40793,4,,,,
70,saxpy,saxpy,800,128,102400,10,0,14,14,936,66.85714286,3,3,1174,391.3333333,0,0,0,0,48,48,480,10,65,1,2,1,406,,,,57.32421875,1,62.81528,4,,,,
71,saxpy,saxpy,1600,64,102400,10,0,14,14,936,66.85714286,3,3,1174,391.3333333,0,0,0,0,48,48,480,10,65,1,2,1,406,,,,57.32421875,1,59.82468,4,,,,
72,saxpy,saxpy,3200,32,102400,10,0,14,14,936,66.85714286,3,3,1174,391.3333333,0,0,0,0,48,48,480,10,65,1,2,1,406,,,,57.32421875,0.5,61.05304,4,,,,
73,saxpy,saxpy,6400,16,102400,10,0,14,14,936,66.85714286,3,3,1174,391.3333333,0,0,0,0,48,48,480,10,65,1,2,1,406,,,,57.32421875,0.5,61.29576,4,,,,
74,saxpy,saxpy,100,1024,102400,10,0,14,14,936,66.85714286,3,3,1174,391.3333333,0,0,0,0,48,48,480,10,65,1,2,1,406,,,,57.32421875,1,60.42572,4,,,,
75,saxpy,saxpy,1000,128,128000,10,0,14,14,936,66.85714286,3,3,1174,391.3333333,0,0,0,0,48,48,480,10,65,1,2,1,508,,,,57.32421875,1,62.97415,5,,,,
76,saxpy,saxpy,128,1024,131072,10,0,14,14,936,66.85714286,3,3,1174,391.3333333,0,0,0,0,48,48,480,10,65,1,2,1,520,,,,58.7,1,62.78026,5,,,,
77,saxpy,saxpy,256,512,131072,10,0,14,14,936,66.85714286,3,3,1174,391.3333333,0,0,0,0,48,48,480,10,65,1,2,1,520,,,,58.7,1,60.00756,5,,,,
78,saxpy,saxpy,512,256,131072,10,0,14,14,936,66.85714286,3,3,1174,391.3333333,0,0,0,0,48,48,480,10,65,1,2,1,520,,,,58.7,1,60.98868,5,,,,
79,saxpy,saxpy,1024,128,131072,10,0,14,14,936,66.85714286,3,3,1174,391.3333333,0,0,0,0,48,48,480,10,65,1,2,1,520,,,,58.7,1,58.55515,5,,,,
80,saxpy,saxpy,1280,128,163840,10,0,14,14,936,66.85714286,3,3,1174,391.3333333,0,0,0,0,48,48,480,10,65,1,2,1,650,,,,61.14583333,1,58.63407,6,,,,
81,saxpy,saxpy,2560,64,163840,10,0,14,14,936,66.85714286,3,3,1174,391.3333333,0,0,0,0,48,48,480,10,65,1,2,1,650,,,,61.14583333,1,60.86962,6,,,,
82,saxpy,saxpy,5120,32,163840,10,0,14,14,936,66.85714286,3,3,1174,391.3333333,0,0,0,0,48,48,480,10,65,1,2,1,650,,,,61.14583333,0.5,61.31802,6,,,,
83,saxpy,saxpy,10240,16,163840,10,0,14,14,936,66.85714286,3,3,1174,391.3333333,0,0,0,0,48,48,480,10,65,1,2,1,650,,,,61.14583333,0.5,61.26127,6,,,,
84,saxpy,saxpy,1500,128,192000,10,0,14,28,1872,66.85714286,3,6,2348,391.3333333,0,0,0,0,48,96,960,10,130,2,4,2,1523,,,,245.6752232,1,62.2075,7,,,,
85,saxpy,saxpy,1000,256,256000,10,0,14,28,1872,66.85714286,3,6,2348,391.3333333,0,0,0,0,48,96,960,10,130,2,4,2,2031,,,,286.6210938,1,65.05551,8,,,,
86,saxpy,saxpy,2000,128,256000,10,0,14,28,1872,66.85714286,3,6,2348,391.3333333,0,0,0,0,48,96,960,10,130,2,4,2,2031,,,,286.6210938,1,64.53924,8,,,,
87,saxpy,saxpy,256,1024,262144,10,0,14,28,1872,66.85714286,3,6,2348,391.3333333,0,0,0,0,48,96,960,10,130,2,4,2,2080,,,,260.8888889,1,63.93204,9,,,,
88,saxpy,saxpy,512,512,262144,10,0,14,28,1872,66.85714286,3,6,2348,391.3333333,0,0,0,0,48,96,960,10,130,2,4,2,2080,,,,260.8888889,1,64.82812,9,,,,
89,saxpy,saxpy,1024,256,262144,10,0,14,28,1872,66.85714286,3,6,2348,391.3333333,0,0,0,0,48,96,960,10,130,2,4,2,2080,,,,260.8888889,1,65.63156,9,,,,
90,saxpy,saxpy,1280,256,327680,10,0,14,28,1872,66.85714286,3,6,2348,391.3333333,0,0,0,0,48,96,960,10,130,2,4,2,2600,,,,293.5,1,62.82876,10,,,,
91,saxpy,saxpy,2560,128,327680,10,0,14,28,1872,66.85714286,3,6,2348,391.3333333,0,0,0,0,48,96,960,10,130,2,4,2,2600,,,,293.5,1,64.41765,10,,,,
92,saxpy,saxpy,5120,64,327680,10,0,14,28,1872,66.85714286,3,6,2348,391.3333333,0,0,0,0,48,96,960,10,130,2,4,2,2600,,,,293.5,1,62.97787,10,,,,
93,saxpy,saxpy,10240,32,327680,10,0,14,28,1872,66.85714286,3,6,2348,391.3333333,0,0,0,0,48,96,960,10,130,2,4,2,2600,,,,293.5,0.5,61.41274,10,,,,
94,saxpy,saxpy,1500,256,384000,10,0,14,42,2808,66.85714286,3,9,3522,391.3333333,0,0,0,0,48,144,1440,10,195,3,6,3,4570,,,,644.8974609,1,66.22778,12,,,,
95,saxpy,saxpy,1000,512,512000,10,0,14,42,2808,66.85714286,3,9,3522,391.3333333,0,0,0,0,48,144,1440,10,195,3,6,3,6094,,,,644.8974609,1,66.49204,16,,,,
96,saxpy,saxpy,2000,256,512000,10,0,14,42,2808,66.85714286,3,9,3522,391.3333333,0,0,0,0,48,144,1440,10,195,3,6,3,6094,,,,644.8974609,1,67.72467,16,,,,
97,saxpy,saxpy,4000,128,512000,10,0,14,42,2808,66.85714286,3,9,3522,391.3333333,0,0,0,0,48,144,1440,10,195,3,6,3,6094,,,,644.8974609,1,66.99398,16,,,,
98,saxpy,saxpy,512,1024,524288,10,0,14,42,2808,66.85714286,3,9,3522,391.3333333,0,0,0,0,48,144,1440,10,195,3,6,3,6240,,,,660.375,1,66.0827,16,,,,
99,saxpy,saxpy,1024,512,524288,10,0,14,42,2808,66.85714286,3,9,3522,391.3333333,0,0,0,0,48,144,1440,10,195,3,6,3,6240,,,,660.375,1,67.85998,16,,,,
100,saxpy,saxpy,1280,512,655360,10,0,14,56,3744,66.85714286,3,12,4696,391.3333333,0,0,0,0,48,192,1920,10,260,4,8,4,10400,,,,1174,1,68.22029,20,,,,
101,saxpy,saxpy,2560,256,655360,10,0,14,56,3744,66.85714286,3,12,4696,391.3333333,0,0,0,0,48,192,1920,10,260,4,8,4,10400,,,,1174,1,69.27681,20,,,,
102,saxpy,saxpy,5120,128,655360,10,0,14,56,3744,66.85714286,3,12,4696,391.3333333,0,0,0,0,48,192,1920,10,260,4,8,4,10400,,,,1174,1,67.52643,20,,,,
103,saxpy,saxpy,10240,64,655360,10,0,14,56,3744,66.85714286,3,12,4696,391.3333333,0,0,0,0,48,192,1920,10,260,4,8,4,10400,,,,1174,1,63.77346,20,,,,
104,saxpy,saxpy,1500,512,768000,10,0,14,70,4680,66.85714286,3,15,5870,391.3333333,0,0,0,0,48,240,2400,10,325,5,10,5,15234,,,,1869.268003,1,69.03096,23,,,,
105,saxpy,saxpy,2000,512,1024000,10,0,14,98,6552,66.85714286,3,21,8218,391.3333333,0,0,0,0,48,336,3360,10,455,7,14,7,28438,,,,3745.182292,1,69.04867,30,,,,
106,saxpy,saxpy,4000,256,1024000,10,0,14,98,6552,66.85714286,3,21,8218,391.3333333,0,0,0,0,48,336,3360,10,455,7,14,7,28438,,,,3745.182292,1,70.1438,30,,,,
107,saxpy,saxpy,1000,1024,1024000,10,0,14,98,6552,66.85714286,3,21,8218,391.3333333,0,0,0,0,48,336,3360,10,455,7,14,7,28438,,,,3745.182292,1,67.79309,30,,,,
108,saxpy,saxpy,4000,256,1024000,10,0,14,98,6552,66.85714286,3,21,8218,391.3333333,0,0,0,0,48,336,3360,10,455,7,14,7,28438,,,,3745.182292,1,70.77377,30,,,,
109,saxpy,saxpy,8000,128,1024000,10,0,14,98,6552,66.85714286,3,21,8218,391.3333333,0,0,0,0,48,336,3360,10,455,7,14,7,28438,,,,3745.182292,1,68.37978,30,,,,
110,saxpy,saxpy,16000,64,1024000,10,0,14,98,6552,66.85714286,3,21,8218,391.3333333,0,0,0,0,48,336,3360,10,455,7,14,7,28438,,,,3745.182292,1,63.97694,30,,,,
111,saxpy,saxpy,32000,32,1024000,10,0,14,98,6552,66.85714286,3,21,8218,391.3333333,0,0,0,0,48,336,3360,10,455,7,14,7,28438,,,,3745.182292,0.5,61.40878,30,,,,
112,saxpy,saxpy,64000,16,1024000,10,0,14,98,6552,66.85714286,3,21,8218,391.3333333,0,0,0,0,48,336,3360,10,455,7,14,7,28438,,,,3745.182292,0.5,60.91156,30,,,,
113,saxpy,saxpy,1024,1024,1048576,10,0,14,98,6552,66.85714286,3,21,8218,391.3333333,0,0,0,0,48,336,3360,10,455,7,14,7,29120,,,,3711.354839,1,68.0157,31,,,,
114,saxpy,saxpy,1280,1024,1310720,10,0,14,112,7488,66.85714286,3,24,9392,391.3333333,0,0,0,0,48,384,3840,10,520,8,16,8,41600,,,,4816.410256,1,68.30453,39,,,,
115,saxpy,saxpy,2560,512,1310720,10,0,14,112,7488,66.85714286,3,24,9392,391.3333333,0,0,0,0,48,384,3840,10,520,8,16,8,41600,,,,4816.410256,1,69.69237,39,,,,
116,saxpy,saxpy,5120,256,1310720,10,0,14,112,7488,66.85714286,3,24,9392,391.3333333,0,0,0,0,48,384,3840,10,520,8,16,8,41600,,,,4816.410256,1,71.0328,39,,,,
117,saxpy,saxpy,10240,128,1310720,10,0,14,112,7488,66.85714286,3,24,9392,391.3333333,0,0,0,0,48,384,3840,10,520,8,16,8,41600,,,,4816.410256,1,68.56668,39,,,,
118,saxpy,saxpy,2560,1024,2621440,10,0,14,224,14976,66.85714286,3,48,18784,391.3333333,0,0,0,0,48,768,7680,10,1040,16,32,16,166400,,,,19772.63158,1,70.38027,76,,,,
119,saxpy,saxpy,5120,512,2621440,10,0,14,224,14976,66.85714286,3,48,18784,391.3333333,0,0,0,0,48,768,7680,10,1040,16,32,16,166400,,,,19772.63158,1,71.27552,76,,,,
120,saxpy,saxpy,10240,256,2621440,10,0,14,224,14976,66.85714286,3,48,18784,391.3333333,0,0,0,0,48,768,7680,10,1040,16,32,16,166400,,,,19772.63158,1,72.504,76,,,,
121,saxpy,saxpy,5120,1024,5242880,10,0,14,448,29952,66.85714286,3,96,37568,391.3333333,0,0,0,0,48,1536,15360,10,2080,32,64,32,665600,,,,79614.30464,1,69.97645,151,,,,
122,saxpy,saxpy,10240,512,5242880,10,0,14,448,29952,66.85714286,3,96,37568,391.3333333,0,0,0,0,48,1536,15360,10,2080,32,64,32,665600,,,,79614.30464,1,72.84304,151,,,,
123,saxpy,saxpy,20000,512,10240000,10,0,14,882,58968,66.85714286,3,189,73962,391.3333333,0,0,0,0,48,3024,30240,10,4095,63,126,63,2559375,,,,309550.7813,1,72.33733,294,,,,
124,saxpy,saxpy,10240,1024,10485760,10,0,14,896,59904,66.85714286,3,192,75136,391.3333333,0,0,0,0,48,3072,30720,10,4160,64,128,64,2662400,,,,319515.2159,1,70.45667,301,,,,
125,saxpy,saxpyshared,64,32,2048,10,12,18,18,1098,61,3,3,1174,391.3333333,0,0,0,0,63,63,630,10,84,1,2,1,11,,,,4.5859375,0.5,54.20065,1,,,,
126,saxpy,saxpyshared,23,256,5888,10,12,18,18,1098,61,3,3,1174,391.3333333,0,0,0,0,63,63,630,10,84,1,2,1,30,,,,13.18457031,1,56.65326,1,,,,
127,saxpy,saxpyshared,100,64,6400,10,12,18,18,1098,61,3,3,1174,391.3333333,0,0,0,0,63,63,630,10,84,1,2,1,33,,,,14.33105469,1,56.35309,1,,,,
128,saxpy,saxpyshared,256,32,8192,10,12,18,18,1098,61,3,3,1174,391.3333333,0,0,0,0,63,63,630,10,84,1,2,1,42,,,,18.34375,0.5,55.72664,1,,,,
129,saxpy,saxpyshared,512,16,8192,10,12,18,18,1098,61,3,3,1174,391.3333333,0,0,0,0,63,63,630,10,84,1,2,1,42,,,,18.34375,0.5,61.0194,1,,,,
130,saxpy,saxpyshared,10,1024,10240,10,12,18,18,1098,61,3,3,1174,391.3333333,0,0,0,0,63,63,630,10,84,1,2,1,53,,,,22.9296875,1,58.11397,1,,,,
131,saxpy,saxpyshared,20,512,10240,10,12,18,18,1098,61,3,3,1174,391.3333333,0,0,0,0,63,63,630,10,84,1,2,1,53,,,,22.9296875,1,58.28534,1,,,,
132,saxpy,saxpyshared,40,256,10240,10,12,18,18,1098,61,3,3,1174,391.3333333,0,0,0,0,63,63,630,10,84,1,2,1,53,,,,22.9296875,1,58.38395,1,,,,
133,saxpy,saxpyshared,80,128,10240,10,12,18,18,1098,61,3,3,1174,391.3333333,0,0,0,0,63,63,630,10,84,1,2,1,53,,,,22.9296875,1,57.80976,1,,,,
134,saxpy,saxpyshared,160,64,10240,10,12,18,18,1098,61,3,3,1174,391.3333333,0,0,0,0,63,63,630,10,84,1,2,1,53,,,,22.9296875,1,58.61259,1,,,,
135,saxpy,saxpyshared,320,32,10240,10,12,18,18,1098,61,3,3,1174,391.3333333,0,0,0,0,63,63,630,10,84,1,2,1,53,,,,22.9296875,0.5,59.74486,1,,,,
136,saxpy,saxpyshared,128,128,16384,10,12,18,18,1098,61,3,3,1174,391.3333333,0,0,0,0,63,63,630,10,84,1,2,1,84,,,,18.34375,1,58.83046,2,,,,
137,saxpy,saxpyshared,256,64,16384,10,12,18,18,1098,61,3,3,1174,391.3333333,0,0,0,0,63,63,630,10,84,1,2,1,84,,,,18.34375,1,60.97754,2,,,,
138,saxpy,saxpyshared,512,32,16384,10,12,18,18,1098,61,3,3,1174,391.3333333,0,0,0,0,63,63,630,10,84,1,2,1,84,,,,18.34375,0.5,63.23583,2,,,,
139,saxpy,saxpyshared,1024,16,16384,10,12,18,18,1098,61,3,3,1174,391.3333333,0,0,0,0,63,63,630,10,84,1,2,1,84,,,,18.34375,0.5,65.25113,2,,,,
140,saxpy,saxpyshared,1280,16,20480,10,12,18,18,1098,61,3,3,1174,391.3333333,0,0,0,0,63,63,630,10,84,1,2,1,105,,,,22.9296875,0.5,67.47632,2,,,,
141,saxpy,saxpyshared,128,256,32768,10,12,18,18,1098,61,3,3,1174,391.3333333,0,0,0,0,63,63,630,10,84,1,2,1,168,,,,36.6875,1,69.0134,2,,,,
142,saxpy,saxpyshared,256,128,32768,10,12,18,18,1098,61,3,3,1174,391.3333333,0,0,0,0,63,63,630,10,84,1,2,1,168,,,,36.6875,1,69.74271,2,,,,
143,saxpy,saxpyshared,512,64,32768,10,12,18,18,1098,61,3,3,1174,391.3333333,0,0,0,0,63,63,630,10,84,1,2,1,168,,,,36.6875,1,70.59066,2,,,,
144,saxpy,saxpyshared,1024,32,32768,10,12,18,18,1098,61,3,3,1174,391.3333333,0,0,0,0,63,63,630,10,84,1,2,1,168,,,,36.6875,0.5,68.77982,2,,,,
145,saxpy,saxpyshared,1280,32,40960,10,12,18,18,1098,61,3,3,1174,391.3333333,0,0,0,0,63,63,630,10,84,1,2,1,210,,,,45.859375,0.5,70.37823,2,,,,
146,saxpy,saxpyshared,2560,16,40960,10,12,18,18,1098,61,3,3,1174,391.3333333,0,0,0,0,63,63,630,10,84,1,2,1,210,,,,45.859375,0.5,72.38587,2,,,,
147,saxpy,saxpyshared,128,512,65536,10,12,18,18,1098,61,3,3,1174,391.3333333,0,0,0,0,63,63,630,10,84,1,2,1,336,,,,48.91666667,1,79.26295,3,,,,
148,saxpy,saxpyshared,512,128,65536,10,12,18,18,1098,61,3,3,1174,391.3333333,0,0,0,0,63,63,630,10,84,1,2,1,336,,,,48.91666667,1,74.11504,3,,,,
149,saxpy,saxpyshared,1024,64,65536,10,12,18,18,1098,61,3,3,1174,391.3333333,0,0,0,0,63,63,630,10,84,1,2,1,336,,,,48.91666667,1,77.11026,3,,,,
150,saxpy,saxpyshared,1280,64,81920,10,12,18,18,1098,61,3,3,1174,391.3333333,0,0,0,0,63,63,630,10,84,1,2,1,420,,,,61.14583333,1,79.97304,3,,,,
151,saxpy,saxpyshared,2560,32,81920,10,12,18,18,1098,61,3,3,1174,391.3333333,0,0,0,0,63,63,630,10,84,1,2,1,420,,,,61.14583333,0.5,77.81385,3,,,,
152,saxpy,saxpyshared,128,16,2048,10,12,18,18,1098,61,3,3,1174,391.3333333,0,0,0,0,63,63,630,10,84,1,2,1,11,,,,4.5859375,0.5,56.20682,1,,,,
153,saxpy,saxpyshared,5120,16,81920,10,12,18,18,1098,61,3,3,1174,391.3333333,0,0,0,0,63,63,630,10,84,1,2,1,420,,,,61.14583333,0.5,76.24077,3,,,,
154,saxpy,saxpyshared,400,256,102400,10,12,18,18,1098,61,3,3,1174,391.3333333,0,0,0,0,63,63,630,10,84,1,2,1,525,,,,57.32421875,1,81.40698,4,,,,
155,saxpy,saxpyshared,800,128,102400,10,12,18,18,1098,61,3,3,1174,391.3333333,0,0,0,0,63,63,630,10,84,1,2,1,525,,,,57.32421875,1,88.931,4,,,,
156,saxpy,saxpyshared,1600,64,102400,10,12,18,18,1098,61,3,3,1174,391.3333333,0,0,0,0,63,63,630,10,84,1,2,1,525,,,,57.32421875,1,84.21532,4,,,,
157,saxpy,saxpyshared,3200,32,102400,10,12,18,18,1098,61,3,3,1174,391.3333333,0,0,0,0,63,63,630,10,84,1,2,1,525,,,,57.32421875,0.5,79.31427,4,,,,
158,saxpy,saxpyshared,6400,16,102400,10,12,18,18,1098,61,3,3,1174,391.3333333,0,0,0,0,63,63,630,10,84,1,2,1,525,,,,57.32421875,0.5,77.32358,4,,,,
159,saxpy,saxpyshared,100,1024,102400,10,12,18,18,1098,61,3,3,1174,391.3333333,0,0,0,0,63,63,630,10,84,1,2,1,525,,,,57.32421875,1,83.35382,4,,,,
160,saxpy,saxpyshared,128,1024,131072,10,12,18,18,1098,61,3,3,1174,391.3333333,0,0,0,0,63,63,630,10,84,1,2,1,672,,,,58.7,1,90.48152,5,,,,
161,saxpy,saxpyshared,256,512,131072,10,12,18,18,1098,61,3,3,1174,391.3333333,0,0,0,0,63,63,630,10,84,1,2,1,672,,,,58.7,1,94.13276,5,,,,
162,saxpy,saxpyshared,512,256,131072,10,12,18,18,1098,61,3,3,1174,391.3333333,0,0,0,0,63,63,630,10,84,1,2,1,672,,,,58.7,1,93.5692,5,,,,
163,saxpy,saxpyshared,1024,128,131072,10,12,18,18,1098,61,3,3,1174,391.3333333,0,0,0,0,63,63,630,10,84,1,2,1,672,,,,58.7,1,94.81278,5,,,,
164,saxpy,saxpyshared,1280,128,163840,10,12,18,18,1098,61,3,3,1174,391.3333333,0,0,0,0,63,63,630,10,84,1,2,1,840,,,,61.14583333,1,98.11,6,,,,
165,saxpy,saxpyshared,2560,64,163840,10,12,18,18,1098,61,3,3,1174,391.3333333,0,0,0,0,63,63,630,10,84,1,2,1,840,,,,61.14583333,1,96.12036,6,,,,
166,saxpy,saxpyshared,5120,32,163840,10,12,18,18,1098,61,3,3,1174,391.3333333,0,0,0,0,63,63,630,10,84,1,2,1,840,,,,61.14583333,0.5,89.08717,6,,,,
167,saxpy,saxpyshared,1500,128,192000,10,12,18,36,2196,61,3,6,2348,391.3333333,0,0,0,0,63,126,1260,10,168,2,4,2,1969,,,,245.6752232,1,98.08652,7,,,,
168,saxpy,saxpyshared,1000,256,256000,10,12,18,36,2196,61,3,6,2348,391.3333333,0,0,0,0,63,126,1260,10,168,2,4,2,2625,,,,286.6210938,1,102.27205,8,,,,
169,saxpy,saxpyshared,2000,128,256000,10,12,18,36,2196,61,3,6,2348,391.3333333,0,0,0,0,63,126,1260,10,168,2,4,2,2625,,,,286.6210938,1,103.55049,8,,,,
170,saxpy,saxpyshared,256,1024,262144,10,12,18,36,2196,61,3,6,2348,391.3333333,0,0,0,0,63,126,1260,10,168,2,4,2,2688,,,,260.8888889,1,101.15604,9,,,,
171,saxpy,saxpyshared,512,512,262144,10,12,18,36,2196,61,3,6,2348,391.3333333,0,0,0,0,63,126,1260,10,168,2,4,2,2688,,,,260.8888889,1,101.80384,9,,,,
172,saxpy,saxpyshared,1024,256,262144,10,12,18,36,2196,61,3,6,2348,391.3333333,0,0,0,0,63,126,1260,10,168,2,4,2,2688,,,,260.8888889,1,102.7678,9,,,,
173,saxpy,saxpyshared,1280,256,327680,10,12,18,36,2196,61,3,6,2348,391.3333333,0,0,0,0,63,126,1260,10,168,2,4,2,3360,,,,293.5,1,105.54165,10,,,,
174,saxpy,saxpyshared,2560,128,327680,10,12,18,36,2196,61,3,6,2348,391.3333333,0,0,0,0,63,126,1260,10,168,2,4,2,3360,,,,293.5,1,105.52923,10,,,,
175,saxpy,saxpyshared,5120,64,327680,10,12,18,36,2196,61,3,6,2348,391.3333333,0,0,0,0,63,126,1260,10,168,2,4,2,3360,,,,293.5,1,103.25602,10,,,,
176,saxpy,saxpyshared,10240,32,327680,10,12,18,36,2196,61,3,6,2348,391.3333333,0,0,0,0,63,126,1260,10,168,2,4,2,3360,,,,293.5,0.5,93.12181,10,,,,
177,saxpy,saxpyshared,1500,256,384000,10,12,18,54,3294,61,3,9,3522,391.3333333,0,0,0,0,63,189,1890,10,252,3,6,3,5906,,,,644.8974609,1,106.37643,12,,,,
178,saxpy,saxpyshared,1000,512,512000,10,12,18,72,4392,61,3,12,4696,391.3333333,0,0,0,0,63,252,2520,10,336,4,8,4,10500,,,,1146.484375,1,107.02827,16,,,,
179,saxpy,saxpyshared,2000,256,512000,10,12,18,72,4392,61,3,12,4696,391.3333333,0,0,0,0,63,252,2520,10,336,4,8,4,10500,,,,1146.484375,1,109.15726,16,,,,
180,saxpy,saxpyshared,4000,128,512000,10,12,18,72,4392,61,3,12,4696,391.3333333,0,0,0,0,63,252,2520,10,336,4,8,4,10500,,,,1146.484375,1,109.60764,16,,,,
181,saxpy,saxpyshared,512,1024,524288,10,12,18,72,4392,61,3,12,4696,391.3333333,0,0,0,0,63,252,2520,10,336,4,8,4,10752,,,,1174,1,105.844,16,,,,
182,saxpy,saxpyshared,1024,512,524288,10,12,18,72,4392,61,3,12,4696,391.3333333,0,0,0,0,63,252,2520,10,336,4,8,4,10752,,,,1174,1,107.12532,16,,,,
183,saxpy,saxpyshared,1280,512,655360,10,12,18,72,4392,61,3,12,4696,391.3333333,0,0,0,0,63,252,2520,10,336,4,8,4,13440,,,,1174,1,109.24838,20,,,,
184,saxpy,saxpyshared,2560,256,655360,10,12,18,72,4392,61,3,12,4696,391.3333333,0,0,0,0,63,252,2520,10,336,4,8,4,13440,,,,1174,1,109.73492,20,,,,
185,saxpy,saxpyshared,5120,128,655360,10,12,18,72,4392,61,3,12,4696,391.3333333,0,0,0,0,63,252,2520,10,336,4,8,4,13440,,,,1174,1,111.26008,20,,,,
186,saxpy,saxpyshared,10240,64,655360,10,12,18,72,4392,61,3,12,4696,391.3333333,0,0,0,0,63,252,2520,10,336,4,8,4,13440,,,,1174,1,107.64464,20,,,,
187,saxpy,saxpyshared,1500,512,768000,10,12,18,90,5490,61,3,15,5870,391.3333333,0,0,0,0,63,315,3150,10,420,5,10,5,19688,,,,1869.268003,1,109.43998,23,,,,
188,saxpy,saxpyshared,4000,256,1024000,10,12,18,108,6588,61,3,18,7044,391.3333333,0,0,0,0,63,378,3780,10,504,6,12,6,31500,,,,2751.5625,1,110.27983,30,,,,
189,saxpy,saxpyshared,1000,1024,1024000,10,12,18,108,6588,61,3,18,7044,391.3333333,0,0,0,0,63,378,3780,10,504,6,12,6,31500,,,,2751.5625,1,109.5217,30,,,,
190,saxpy,saxpyshared,4000,256,1024000,10,12,18,108,6588,61,3,18,7044,391.3333333,0,0,0,0,63,378,3780,10,504,6,12,6,31500,,,,2751.5625,1,111.48983,30,,,,
191,saxpy,saxpyshared,8000,128,1024000,10,12,18,108,6588,61,3,18,7044,391.3333333,0,0,0,0,63,378,3780,10,504,6,12,6,31500,,,,2751.5625,1,113.17488,30,,,,
192,saxpy,saxpyshared,16000,64,1024000,10,12,18,108,6588,61,3,18,7044,391.3333333,0,0,0,0,63,378,3780,10,504,6,12,6,31500,,,,2751.5625,1,109.07408,30,,,,
193,saxpy,saxpyshared,32000,32,1024000,10,12,18,108,6588,61,3,18,7044,391.3333333,0,0,0,0,63,378,3780,10,504,6,12,6,31500,,,,2751.5625,0.5,96.42627,30,,,,
194,saxpy,saxpyshared,64000,16,1024000,10,12,18,108,6588,61,3,18,7044,391.3333333,0,0,0,0,63,378,3780,10,504,6,12,6,31500,,,,2751.5625,0.5,87.625,30,,,,
195,saxpy,saxpyshared,1024,1024,1048576,10,12,18,108,6588,61,3,18,7044,391.3333333,0,0,0,0,63,378,3780,10,504,6,12,6,32256,,,,2726.709677,1,111.52973,31,,,,
196,saxpy,saxpyshared,1280,1024,1310720,10,12,18,108,6588,61,3,18,7044,391.3333333,0,0,0,0,63,378,3780,10,504,6,12,6,40320,,,,2709.230769,1,110.11912,39,,,,
197,saxpy,saxpyshared,2560,512,1310720,10,12,18,108,6588,61,3,18,7044,391.3333333,0,0,0,0,63,378,3780,10,504,6,12,6,40320,,,,2709.230769,1,109.34668,39,,,,
198,saxpy,saxpyshared,5120,256,1310720,10,12,18,108,6588,61,3,18,7044,391.3333333,0,0,0,0,63,378,3780,10,504,6,12,6,40320,,,,2709.230769,1,113.05964,39,,,,
199,saxpy,saxpyshared,10240,128,1310720,10,12,18,108,6588,61,3,18,7044,391.3333333,0,0,0,0,63,378,3780,10,504,6,12,6,40320,,,,2709.230769,1,114.07841,39,,,,
200,saxpy,saxpyshared,2560,1024,2621440,10,12,18,288,17568,61,3,48,18784,391.3333333,0,0,0,0,63,1008,10080,10,1344,16,32,16,215040,,,,19772.63158,1,112.03766,76,,,,
201,saxpy,saxpyshared,5120,512,2621440,10,12,18,288,17568,61,3,48,18784,391.3333333,0,0,0,0,63,1008,10080,10,1344,16,32,16,215040,,,,19772.63158,1,113.79366,76,,,,
202,saxpy,saxpyshared,10240,256,2621440,10,12,18,288,17568,61,3,48,18784,391.3333333,0,0,0,0,63,1008,10080,10,1344,16,32,16,215040,,,,19772.63158,1,116.74007,76,,,,
203,saxpy,saxpyshared,5120,1024,5242880,10,12,18,576,35136,61,3,96,37568,391.3333333,0,0,0,0,63,2016,20160,10,2688,32,64,32,860160,,,,79614.30464,1,114.08106,151,,,,
204,saxpy,saxpyshared,10240,512,5242880,10,12,18,576,35136,61,3,96,37568,391.3333333,0,0,0,0,63,2016,20160,10,2688,32,64,32,860160,,,,79614.30464,1,115.8831,151,,,,
205,saxpy,saxpyshared,20000,512,10240000,10,12,18,1134,69174,61,3,189,73962,391.3333333,0,0,0,0,63,3969,39690,10,5292,63,126,63,3307500,,,,309550.7813,1,112.72353,294,,,,
206,saxpy,saxpyshared,10240,1024,10485760,10,12,18,1152,70272,61,3,192,75136,391.3333333,0,0,0,0,63,4032,40320,10,5376,64,128,64,3440640,,,,319515.2159,1,111.22657,301,,,,
207,branch,branch,128,16,2048,16,0,18,18,3193,177.3888889,4,4,1626,406.5,0,0,0,0,68,68,680,10,90,3,3,1,11,,,,8.46875,0.5,40.73681,1,,,,
208,branch,branch,128,32,4096,16,0,18,18,3193,177.3888889,4,4,1626,406.5,0,0,0,0,68,68,680,10,90,3,3,1,23,,,,16.9375,0.5,40.82082,1,,,,
209,branch,branch,256,16,4096,16,0,18,18,3193,177.3888889,4,4,1626,406.5,0,0,0,0,68,68,680,10,90,3,3,1,23,,,,16.9375,0.5,40.717,1,,,,
210,branch,branch,128,64,8192,16,0,18,18,3193,177.3888889,4,4,1626,406.5,0,0,0,0,68,68,680,10,90,3,3,1,45,,,,33.875,1,40.71329,1,,,,
211,branch,branch,256,32,8192,16,0,18,18,3193,177.3888889,4,4,1626,406.5,0,0,0,0,68,68,680,10,90,3,3,1,45,,,,33.875,0.5,40.7791,1,,,,
212,branch,branch,512,16,8192,16,0,18,18,3193,177.3888889,4,4,1626,406.5,0,0,0,0,68,68,680,10,90,3,3,1,45,,,,33.875,0.5,40.77,1,,,,
213,branch,branch,10,1024,10240,16,0,18,18,3193,177.3888889,4,4,1626,406.5,0,0,0,0,68,68,680,10,90,3,3,1,56,,,,42.34375,1,40.77,1,,,,
214,branch,branch,20,512,10240,16,0,18,18,3193,177.3888889,4,4,1626,406.5,0,0,0,0,68,68,680,10,90,3,3,1,56,,,,42.34375,1,40.743,1,,,,
215,branch,branch,40,256,10240,16,0,18,18,3193,177.3888889,4,4,1626,406.5,0,0,0,0,68,68,680,10,90,3,3,1,56,,,,42.34375,1,40.849,1,,,,
216,branch,branch,80,128,10240,16,0,18,18,3193,177.3888889,4,4,1626,406.5,0,0,0,0,68,68,680,10,90,3,3,1,56,,,,42.34375,1,40.796,1,,,,
217,branch,branch,160,64,10240,16,0,18,18,3193,177.3888889,4,4,1626,406.5,0,0,0,0,68,68,680,10,90,3,3,1,56,,,,42.34375,1,40.7882,1,,,,
218,branch,branch,320,32,10240,16,0,18,18,3193,177.3888889,4,4,1626,406.5,0,0,0,0,68,68,680,10,90,3,3,1,56,,,,42.34375,0.5,40.76141,1,,,,
219,branch,branch,640,16,10240,16,0,18,18,3193,177.3888889,4,4,1626,406.5,0,0,0,0,68,68,680,10,90,3,3,1,56,,,,42.34375,0.5,40.77,1,,,,
220,branch,branch,128,128,16384,16,0,18,18,3193,177.3888889,4,4,1626,406.5,0,0,0,0,68,68,680,10,90,3,3,1,90,,,,33.875,1,40.74975,2,,,,
221,branch,branch,256,64,16384,16,0,18,18,3193,177.3888889,4,4,1626,406.5,0,0,0,0,68,68,680,10,90,3,3,1,90,,,,33.875,1,40.796,2,,,,
222,branch,branch,512,32,16384,16,0,18,18,3193,177.3888889,4,4,1626,406.5,0,0,0,0,68,68,680,10,90,3,3,1,90,,,,33.875,0.5,40.77,2,,,,
223,branch,branch,1024,16,16384,16,0,18,18,3193,177.3888889,4,4,1626,406.5,0,0,0,0,68,68,680,10,90,3,3,1,90,,,,33.875,0.5,40.77124,2,,,,
224,branch,branch,1280,16,20480,16,0,18,18,3193,177.3888889,4,4,1626,406.5,0,0,0,0,68,68,680,10,90,3,3,1,113,,,,42.34375,0.5,40.77,2,,,,
225,branch,branch,128,256,32768,16,0,18,18,3193,177.3888889,4,4,1626,406.5,0,0,0,0,68,68,680,10,90,3,3,1,180,,,,67.75,1,40.76632,2,,,,
226,branch,branch,256,128,32768,16,0,18,18,3193,177.3888889,4,4,1626,406.5,0,0,0,0,68,68,680,10,90,3,3,1,180,,,,67.75,1,40.77,2,,,,
227,branch,branch,512,64,32768,16,0,18,18,3193,177.3888889,4,4,1626,406.5,0,0,0,0,68,68,680,10,90,3,3,1,180,,,,67.75,1,40.77,2,,,,
228,branch,branch,1024,32,32768,16,0,18,18,3193,177.3888889,4,4,1626,406.5,0,0,0,0,68,68,680,10,90,3,3,1,180,,,,67.75,0.5,40.717,2,,,,
229,branch,branch,1280,32,40960,16,0,18,18,3193,177.3888889,4,4,1626,406.5,0,0,0,0,68,68,680,10,90,3,3,1,225,,,,84.6875,0.5,40.796,2,,,,
230,branch,branch,2560,16,40960,16,0,18,18,3193,177.3888889,4,4,1626,406.5,0,0,0,0,68,68,680,10,90,3,3,1,225,,,,84.6875,0.5,40.743,2,,,,
231,branch,branch,128,512,65536,16,0,18,18,3193,177.3888889,4,4,1626,406.5,0,0,0,0,68,68,680,10,90,3,3,1,360,,,,90.33333333,1,40.77,3,,,,
232,branch,branch,256,256,65536,16,0,18,18,3193,177.3888889,4,4,1626,406.5,0,0,0,0,68,68,680,10,90,3,3,1,360,,,,90.33333333,1,40.796,3,,,,
233,branch,branch,512,128,65536,16,0,18,18,3193,177.3888889,4,4,1626,406.5,0,0,0,0,68,68,680,10,90,3,3,1,360,,,,90.33333333,1,40.77743,3,,,,
234,branch,branch,1024,64,65536,16,0,18,18,3193,177.3888889,4,4,1626,406.5,0,0,0,0,68,68,680,10,90,3,3,1,360,,,,90.33333333,1,40.743,3,,,,
235,branch,branch,1280,64,81920,16,0,18,18,3193,177.3888889,4,4,1626,406.5,0,0,0,0,68,68,680,10,90,3,3,1,450,,,,112.9166667,1,40.743,3,,,,
236,branch,branch,2560,32,81920,16,0,18,18,3193,177.3888889,4,4,1626,406.5,0,0,0,0,68,68,680,10,90,3,3,1,450,,,,112.9166667,0.5,40.796,3,,,,
237,branch,branch,128,16,2048,16,0,18,18,3193,177.3888889,4,4,1626,406.5,0,0,0,0,68,68,680,10,90,3,3,1,11,,,,8.46875,0.5,40.456,1,,,,
238,branch,branch,5120,16,81920,16,0,18,18,3193,177.3888889,4,4,1626,406.5,0,0,0,0,68,68,680,10,90,3,3,1,450,,,,112.9166667,0.5,40.43,3,,,,
239,branch,branch,200,512,102400,16,0,18,18,3193,177.3888889,4,4,1626,406.5,0,0,0,0,68,68,680,10,90,3,3,1,563,,,,105.859375,1,40.456,4,,,,
240,branch,branch,400,256,102400,16,0,18,18,3193,177.3888889,4,4,1626,406.5,0,0,0,0,68,68,680,10,90,3,3,1,563,,,,105.859375,1,40.875,4,,,,
241,branch,branch,800,128,102400,16,0,18,18,3193,177.3888889,4,4,1626,406.5,0,0,0,0,68,68,680,10,90,3,3,1,563,,,,105.859375,1,40.849,4,,,,
242,branch,branch,1600,64,102400,16,0,18,18,3193,177.3888889,4,4,1626,406.5,0,0,0,0,68,68,680,10,90,3,3,1,563,,,,105.859375,1,40.35324,4,,,,
243,branch,branch,3200,32,102400,16,0,18,18,3193,177.3888889,4,4,1626,406.5,0,0,0,0,68,68,680,10,90,3,3,1,563,,,,105.859375,0.5,40.352,4,,,,
244,branch,branch,6400,16,102400,16,0,18,18,3193,177.3888889,4,4,1626,406.5,0,0,0,0,68,68,680,10,90,3,3,1,563,,,,105.859375,0.5,40.314,4,,,,
245,branch,branch,100,1024,102400,16,0,18,18,3193,177.3888889,4,4,1626,406.5,0,0,0,0,68,68,680,10,90,3,3,1,563,,,,105.859375,1,40.822,4,,,,
246,branch,branch,1000,128,128000,16,0,18,18,3193,177.3888889,4,4,1626,406.5,0,0,0,0,68,68,680,10,90,3,3,1,703,,,,105.859375,1,40.326,5,,,,
247,branch,branch,128,1024,131072,16,0,18,18,3193,177.3888889,4,4,1626,406.5,0,0,0,0,68,68,680,10,90,3,3,1,720,,,,108.4,1,40.326,5,,,,
248,branch,branch,256,512,131072,16,0,18,18,3193,177.3888889,4,4,1626,406.5,0,0,0,0,68,68,680,10,90,3,3,1,720,,,,108.4,1,40.248,5,,,,
249,branch,branch,512,256,131072,16,0,18,18,3193,177.3888889,4,4,1626,406.5,0,0,0,0,68,68,680,10,90,3,3,1,720,,,,108.4,1,40.5585,5,,,,
250,branch,branch,1024,128,131072,16,0,18,18,3193,177.3888889,4,4,1626,406.5,0,0,0,0,68,68,680,10,90,3,3,1,720,,,,108.4,1,40.274,5,,,,
251,branch,branch,1280,128,163840,16,0,18,18,3193,177.3888889,4,4,1626,406.5,0,0,0,0,68,68,680,10,90,3,3,1,900,,,,112.9166667,1,40.38673,6,,,,
252,branch,branch,2560,64,163840,16,0,18,18,3193,177.3888889,4,4,1626,406.5,0,0,0,0,68,68,680,10,90,3,3,1,900,,,,112.9166667,1,40.352,6,,,,
253,branch,branch,5120,32,163840,16,0,18,18,3193,177.3888889,4,4,1626,406.5,0,0,0,0,68,68,680,10,90,3,3,1,900,,,,112.9166667,0.5,40.36067,6,,,,
254,branch,branch,10240,16,163840,16,0,18,18,3193,177.3888889,4,4,1626,406.5,0,0,0,0,68,68,680,10,90,3,3,1,900,,,,112.9166667,0.5,40.352,6,,,,
255,branch,branch,1500,128,192000,16,0,18,36,6386,177.3888889,4,8,3252,406.5,0,0,0,0,68,136,1360,10,180,6,6,2,2109,,,,453.6830357,1,40.352,7,,,,
256,branch,branch,1000,256,256000,16,0,18,36,6386,177.3888889,4,8,3252,406.5,0,0,0,0,68,136,1360,10,180,6,6,2,2813,,,,529.296875,1,40.3,8,,,,
257,branch,branch,2000,128,256000,16,0,18,36,6386,177.3888889,4,8,3252,406.5,0,0,0,0,68,136,1360,10,180,6,6,2,2813,,,,529.296875,1,40.352,8,,,,
258,branch,branch,256,1024,262144,16,0,18,36,6386,177.3888889,4,8,3252,406.5,0,0,0,0,68,136,1360,10,180,6,6,2,2880,,,,481.7777778,1,40.404,9,,,,
259,branch,branch,512,512,262144,16,0,18,36,6386,177.3888889,4,8,3252,406.5,0,0,0,0,68,136,1360,10,180,6,6,2,2880,,,,481.7777778,1,40.3741,9,,,,
260,branch,branch,1024,256,262144,16,0,18,36,6386,177.3888889,4,8,3252,406.5,0,0,0,0,68,136,1360,10,180,6,6,2,2880,,,,481.7777778,1,40.378,9,,,,
261,branch,branch,1280,256,327680,16,0,18,36,6386,177.3888889,4,8,3252,406.5,0,0,0,0,68,136,1360,10,180,6,6,2,3600,,,,542,1,40.326,10,,,,
262,branch,branch,2560,128,327680,16,0,18,36,6386,177.3888889,4,8,3252,406.5,0,0,0,0,68,136,1360,10,180,6,6,2,3600,,,,542,1,40.352,10,,,,
263,branch,branch,5120,64,327680,16,0,18,36,6386,177.3888889,4,8,3252,406.5,0,0,0,0,68,136,1360,10,180,6,6,2,3600,,,,542,1,40.326,10,,,,
264,branch,branch,10240,32,327680,16,0,18,36,6386,177.3888889,4,8,3252,406.5,0,0,0,0,68,136,1360,10,180,6,6,2,3600,,,,542,0.5,40.3,10,,,,
265,branch,branch,1500,256,384000,16,0,18,54,9579,177.3888889,4,12,4878,406.5,0,0,0,0,68,204,2040,10,270,9,9,3,6328,,,,1190.917969,1,40.20309,12,,,,
266,branch,branch,1000,512,512000,16,0,18,72,12772,177.3888889,4,16,6504,406.5,0,0,0,0,68,272,2720,10,360,12,12,4,11250,,,,2117.1875,1,40.326,16,,,,
267,branch,branch,2000,256,512000,16,0,18,72,12772,177.3888889,4,16,6504,406.5,0,0,0,0,68,272,2720,10,360,12,12,4,11250,,,,2117.1875,1,40.326,16,,,,
268,branch,branch,4000,128,512000,16,0,18,72,12772,177.3888889,4,16,6504,406.5,0,0,0,0,68,272,2720,10,360,12,12,4,11250,,,,2117.1875,1,40.326,16,,,,
269,branch,branch,512,1024,524288,16,0,18,72,12772,177.3888889,4,16,6504,406.5,0,0,0,0,68,272,2720,10,360,12,12,4,11520,,,,2168,1,40.326,16,,,,
270,branch,branch,1024,512,524288,16,0,18,72,12772,177.3888889,4,16,6504,406.5,0,0,0,0,68,272,2720,10,360,12,12,4,11520,,,,2168,1,40.3,16,,,,
271,branch,branch,1280,512,655360,16,0,18,72,12772,177.3888889,4,16,6504,406.5,0,0,0,0,68,272,2720,10,360,12,12,4,14400,,,,2168,1,40.326,20,,,,
272,branch,branch,2560,256,655360,16,0,18,72,12772,177.3888889,4,16,6504,406.5,0,0,0,0,68,272,2720,10,360,12,12,4,14400,,,,2168,1,40.30104,20,,,,
273,branch,branch,5120,128,655360,16,0,18,72,12772,177.3888889,4,16,6504,406.5,0,0,0,0,68,272,2720,10,360,12,12,4,14400,,,,2168,1,40.326,20,,,,
274,branch,branch,10240,64,655360,16,0,18,72,12772,177.3888889,4,16,6504,406.5,0,0,0,0,68,272,2720,10,360,12,12,4,14400,,,,2168,1,40.3793,20,,,,
275,branch,branch,1500,512,768000,16,0,18,90,15965,177.3888889,4,20,8130,406.5,0,0,0,0,68,340,3400,10,450,15,15,5,21094,,,,3451.936141,1,40.417,23,,,,
276,branch,branch,2000,512,1024000,16,0,18,108,19158,177.3888889,4,24,9756,406.5,0,0,0,0,68,408,4080,10,540,18,18,6,33750,,,,5081.25,1,40.404,30,,,,
277,branch,branch,4000,256,1024000,16,0,18,108,19158,177.3888889,4,24,9756,406.5,0,0,0,0,68,408,4080,10,540,18,18,6,33750,,,,5081.25,1,40.3156,30,,,,
278,branch,branch,1000,1024,1024000,16,0,18,108,19158,177.3888889,4,24,9756,406.5,0,0,0,0,68,408,4080,10,540,18,18,6,33750,,,,5081.25,1,40.326,30,,,,
279,branch,branch,4000,256,1024000,16,0,18,108,19158,177.3888889,4,24,9756,406.5,0,0,0,0,68,408,4080,10,540,18,18,6,33750,,,,5081.25,1,40.326,30,,,,
280,branch,branch,8000,128,1024000,16,0,18,108,19158,177.3888889,4,24,9756,406.5,0,0,0,0,68,408,4080,10,540,18,18,6,33750,,,,5081.25,1,40.326,30,,,,
281,branch,branch,16000,64,1024000,16,0,18,108,19158,177.3888889,4,24,9756,406.5,0,0,0,0,68,408,4080,10,540,18,18,6,33750,,,,5081.25,1,40.326,30,,,,
282,branch,branch,32000,32,1024000,16,0,18,108,19158,177.3888889,4,24,9756,406.5,0,0,0,0,68,408,4080,10,540,18,18,6,33750,,,,5081.25,0.5,40.326,30,,,,
283,branch,branch,64000,16,1024000,16,0,18,108,19158,177.3888889,4,24,9756,406.5,0,0,0,0,68,408,4080,10,540,18,18,6,33750,,,,5081.25,0.5,40.3,30,,,,
284,branch,branch,1024,1024,1048576,16,0,18,108,19158,177.3888889,4,24,9756,406.5,0,0,0,0,68,408,4080,10,540,18,18,6,34560,,,,5035.354839,1,40.3,31,,,,
285,branch,branch,1280,1024,1310720,16,0,18,144,25544,177.3888889,4,32,13008,406.5,0,0,0,0,68,544,5440,10,720,24,24,8,57600,,,,8894.358974,1,41.4101,39,,,,
286,branch,branch,2560,512,1310720,16,0,18,144,25544,177.3888889,4,32,13008,406.5,0,0,0,0,68,544,5440,10,720,24,24,8,57600,,,,8894.358974,1,41.41652,39,,,,
287,branch,branch,5120,256,1310720,16,0,18,144,25544,177.3888889,4,32,13008,406.5,0,0,0,0,68,544,5440,10,720,24,24,8,57600,,,,8894.358974,1,41.1457,39,,,,
288,branch,branch,10240,128,1310720,16,0,18,144,25544,177.3888889,4,32,13008,406.5,0,0,0,0,68,544,5440,10,720,24,24,8,57600,,,,8894.358974,1,41.86291,39,,,,
289,branch,branch,2560,1024,2621440,16,0,18,288,51088,177.3888889,4,64,26016,406.5,0,0,0,0,68,1088,10880,10,1440,48,48,16,230400,,,,36513.68421,1,41.6427,76,,,,
290,branch,branch,5120,512,2621440,16,0,18,288,51088,177.3888889,4,64,26016,406.5,0,0,0,0,68,1088,10880,10,1440,48,48,16,230400,,,,36513.68421,1,41.56082,76,,,,
291,branch,branch,10240,256,2621440,16,0,18,288,51088,177.3888889,4,64,26016,406.5,0,0,0,0,68,1088,10880,10,1440,48,48,16,230400,,,,36513.68421,1,41.579,76,,,,
292,branch,branch,5120,1024,5242880,16,0,18,576,102176,177.3888889,4,128,52032,406.5,0,0,0,0,68,2176,21760,10,2880,96,96,32,921600,,,,147021.9868,1,42.67722,151,,,,
293,branch,branch,10240,512,5242880,16,0,18,576,102176,177.3888889,4,128,52032,406.5,0,0,0,0,68,2176,21760,10,2880,96,96,32,921600,,,,147021.9868,1,41.52455,151,,,,
294,branch,branch,20000,512,10240000,16,0,18,1134,201159,177.3888889,4,252,102438,406.5,0,0,0,0,68,4284,42840,10,5670,189,189,63,3543750,,,,571640.625,1,41.61974,294,,,,
295,branch,branch,10240,1024,10485760,16,0,18,1152,204352,177.3888889,4,256,104064,406.5,0,0,0,0,68,4352,43520,10,5760,192,192,64,3686400,,,,590041.7276,1,40.13938,301,,,,
296,Transpose,Tpose0,4096,256,1048576,8,0,12,84,5054,60.16666667,5,14,5054,361,0,0,0,0,9,280,2800,10,378,0,7,7,24192,,,,1521.634409,1,46.688,31,,,,
297,Transpose,Tpose0,16384,256,4194304,8,0,12,312,18772,60.16666667,5,52,18772,361,0,0,0,0,9,1040,10400,10,1404,0,26,26,359424,,,,21512.81543,1,79.14942,121,,,,
298,Transpose,Tpose0,65536,256,16777216,8,0,12,1236,74366,60.16666667,5,206,74366,361,0,0,0,0,9,4120,41200,10,5562,0,103,103,5695488,,,,339018.4454,1,111.99519,482,,,,
299,Transpose,Tpose0,262144,256,67108864,8,0,12,4920,296020,60.16666667,5,820,296020,361,0,0,0,0,9,16400,164000,10,22140,0,410,410,90685440,,,,5382927.789,1,144.57207,1924,,,,
300,Transpose,Tpose1,4096,256,1048576,12,1024,24,168,8393,49.95833333,6,28,10108,361,1,7,252,36,9,658,6580,10,861,0,14,14,55104,,,,6086.537634,1,45.904,31,,,,
301,Transpose,Tpose1,16384,256,4194304,12,1024,24,624,31174,49.95833333,6,104,37544,361,1,26,936,36,9,2444,24440,10,3198,0,52,52,818688,,,,86051.26171,1,91.23704,121,,,,
302,Transpose,Tpose1,65536,256,16777216,12,1024,24,1442,77456,53.71428571,6,618,223098,361,1,103,3708,36,9,4378,43780,10,6541,0,309,309,6697984,,,,3051166.008,1,122.9684,482,,,,
303,Transpose,Tpose1,262144,256,67108864,12,1024,24,9840,491590,49.95833333,6,1640,592040,361,1,410,14760,0,9,38540,385400,10,50430,1640,820,820,206561280,,,,21531711.16,1,156.24709,1924,,,,
304,Transpose,Tpose2,4096,256,1048576,8,0,14,98,5264,53.71428571,6,42,15162,361,1,7,252,36,7,322,3220,10,469,0,21,21,30016,,,,13694.70968,1,62.49916,31,,,,
305,Transpose,Tpose2,16384,256,4194304,8,0,14,364,19552,53.71428571,6,156,56316,361,1,26,936,36,7,1196,11960,10,1742,0,78,78,445952,,,,193615.3388,1,106.87698,121,,,,
306,Transpose,Tpose2,65536,256,16777216,8,0,14,2575,139771,54.28,6,824,297464,361,1,206,7416,36,7,8446,84460,10,12051,0,412,412,12340224,,,,5424295.126,1,136.31718,482,,,,
307,Transpose,Tpose2,262144,256,67108864,8,0,14,5740,308320,53.71428571,6,2460,888060,361,1,410,14760,36,7,18860,188600,10,27470,0,1230,1230,112517120,,,,48446350.1,1,154.28133,1924,,,,
308,Transpose,Tpose3,4096,256,1048576,14,1024,25,175,9499,54.28,6,56,20216,361,1,14,504,36,7,574,5740,10,819,0,28,28,52416,,,,24346.15054,1,43.248,31,,,,
309,Transpose,Tpose3,16384,256,4194304,14,1024,25,650,35282,54.28,6,208,75088,361,1,52,1872,36,7,2132,21320,10,3042,0,104,104,778752,,,,344205.0468,1,91.37201,121,,,,
310,Transpose,Tpose3,65536,256,16777216,14,1024,25,2678,141316,52.76923077,6,1030,371830,361,1,309,11124,36,7,8652,86520,10,12669,0,515,515,12973056,,,,8475461.134,1,131.01135,482,,,,
311,Transpose,Tpose3,262144,256,67108864,14,1024,25,10250,556370,54.28,6,3280,1184080,361,1,820,29520,36,7,33620,336200,10,47970,0,1640,1640,196485120,,,,86126844.63,1,160.63233,1924,,,,
312,Transpose,Tpose4,4096,256,1048576,14,1088,26,182,9604,52.76923077,6,70,25270,361,1,21,756,36,7,588,5880,10,861,0,35,35,55104,,,,38040.86022,1,47.70356,31,,,,
313,Transpose,Tpose4,16384,256,4194304,14,1088,26,676,35672,52.76923077,6,260,93860,361,1,78,2808,36,7,2184,21840,10,3198,0,130,130,818688,,,,537820.3857,1,93.94068,121,,,,
314,Transpose,Tpose4,65536,256,16777216,14,1088,26,3399,243080,71.51515152,6,1236,446196,361,1,412,14832,36,7,12257,122570,10,17304,0,618,618,17719296,,,,12204664.03,1,125.96867,482,,,,
315,Transpose,Tpose4,262144,256,67108864,14,1088,26,10660,562520,52.76923077,6,4100,1480100,361,1,1230,44280,36,7,34440,344400,10,50430,0,2050,2050,206561280,,,,134573194.7,1,155.27042,1924,,,,
316,Transpose,Tpose5,4096,256,1048576,13,1088,21,231,16520,71.51515152,6,84,30324,361,1,28,1008,36,7,833,2310,2.773109244,1176,21,42,42,75264,,,,54778.83871,1,46.312,31,,,,
317,Transpose,Tpose5,16384,256,4194304,13,1088,21,858,61360,71.51515152,6,312,112632,361,1,104,3744,36,7,3094,30940,10,4368,78,156,156,1118208,,,,774461.3554,1,90.93438,121,,,,
318,Transpose,Tpose5,65536,256,16777216,13,1088,21,2369,157590,66.52173913,6,1442,520562,361,1,515,18540,36,7,7828,78280,10,12154,0,721,721,12445696,,,,16611903.82,1,129.01488,482,,,,
319,Transpose,Tpose5,262144,256,67108864,13,1088,21,13530,967600,71.51515152,6,4920,1776120,361,1,1640,59040,36,7,48790,487900,10,68880,1230,2460,2460,282132480,,,,193785400.4,1,159.57063,1924,,,,
320,Transpose,Tpose6,4096,256,1048576,12,1088,23,161,10710,66.52173913,6,98,35378,361,1,35,1260,36,7,532,5320,10,826,0,49,49,52864,,,,74560.08602,1,43.716,31,,,,
321,Transpose,Tpose6,16384,256,4194304,12,1088,23,598,39780,66.52173913,6,364,131404,361,1,130,4680,36,7,1976,19760,10,3068,0,182,182,785408,,,,1054127.956,1,83.39285,121,,,,
322,Transpose,Tpose6,65536,256,16777216,12,1088,23,2163,91773,42.42857143,6,1648,594928,361,1,618,22248,36,7,7004,70040,10,11433,,824,824,11707392,,,,21697180.5,1,123.22896,482,,,,
323,Transpose,Tpose6,262144,256,67108864,12,1088,23,9430,627300,66.52173913,6,5740,2072140,361,1,2050,73800,36,7,31160,311600,10,48380,0,2870,2870,198164480,,,,263763461.7,1,155.26738,1924,,,,
324,Transpose,Tpose7,4096,256,1048576,14,1088,23,147,6237,42.42857143,6,112,40432,361,1,42,1512,36,7,476,4760,10,777,0,56,56,49728,,,,97384.60215,1,59.90042,31,,,,
325,Transpose,Tpose7,16384,256,4194304,14,1088,23,546,23166,42.42857143,6,416,150176,361,1,156,5616,36,7,1768,17680,10,2886,0,208,208,738816,,,,1376820.187,1,103.9765,121,,,,
326,Transpose,Tpose7,65536,256,16777216,14,1088,23,2163,91773,42.42857143,6,1648,594928,361,1,618,22248,36,7,7004,70040,10,11433,0,824,824,11707392,,,,21697180.5,1,151.06984,482,,,,
327,Transpose,Tpose7,262144,256,67108864,14,1088,23,8610,365310,42.42857143,6,6560,2368160,361,1,2460,88560,36,7,27880,278800,10,45510,0,3280,3280,186408960,,,,344507378.5,1,166.1041,1924,,,,
328,div,div,64,32,2048,16,0,13,13,3103,238.6923077,2,2,540,361,0,0,0,0,41,41,410,10,56,0,1,1,7,,,,1.40625,0.5,47.01928,1,,,,
329,div,div,23,256,5888,16,0,13,13,3103,238.6923077,2,2,540,361,0,0,0,0,41,41,410,10,56,0,1,1,20,,,,4.04296875,1,46.32971,1,,,,
330,div,div,100,64,6400,16,0,13,13,3103,238.6923077,2,2,540,361,0,0,0,0,41,41,410,10,56,0,1,1,22,,,,4.39453125,1,47.1483,1,,,,
331,div,div,128,64,8192,16,0,13,13,3103,238.6923077,2,2,540,361,0,0,0,0,41,41,410,10,56,0,1,1,28,,,,5.625,1,47.58891,1,,,,
332,div,div,256,32,8192,16,0,13,13,3103,238.6923077,2,2,540,361,0,0,0,0,41,41,410,10,56,0,1,1,28,,,,5.625,0.5,48.1194,1,,,,
333,div,div,512,16,8192,16,0,13,13,3103,238.6923077,2,2,540,361,0,0,0,0,41,41,410,10,56,0,1,1,28,,,,5.625,0.5,49.10718,1,,,,
334,div,div,10,1024,10240,16,0,13,13,3103,238.6923077,2,2,540,361,0,0,0,0,41,41,410,10,56,0,1,1,35,,,,7.03125,1,46.46927,1,,,,
335,div,div,20,512,10240,16,0,13,13,3103,238.6923077,2,2,540,361,0,0,0,0,41,41,410,10,56,0,1,1,35,,,,7.03125,1,46.41873,1,,,,
336,div,div,40,256,10240,16,0,13,13,3103,238.6923077,2,2,540,361,0,0,0,0,41,41,410,10,56,0,1,1,35,,,,7.03125,1,47.08381,1,,,,
337,div,div,80,128,10240,16,0,13,13,3103,238.6923077,2,2,540,361,0,0,0,0,41,41,410,10,56,0,1,1,35,,,,7.03125,1,47.67061,1,,,,
338,div,div,160,64,10240,16,0,13,13,3103,238.6923077,2,2,540,361,0,0,0,0,41,41,410,10,56,0,1,1,35,,,,7.03125,1,47.81092,1,,,,
339,div,div,320,32,10240,16,0,13,13,3103,238.6923077,2,2,540,361,0,0,0,0,41,41,410,10,56,0,1,1,35,,,,7.03125,0.5,48.10704,1,,,,
340,div,div,640,16,10240,16,0,13,13,3103,238.6923077,2,2,540,361,0,0,0,0,41,41,410,10,56,0,1,1,35,,,,7.03125,0.5,49.19812,1,,,,
341,div,div,128,128,16384,16,0,13,13,3103,238.6923077,2,2,540,361,0,0,0,0,41,41,410,10,56,0,1,1,56,,,,5.625,1,48.87177,2,,,,
342,div,div,256,64,16384,16,0,13,13,3103,238.6923077,2,2,540,361,0,0,0,0,41,41,410,10,56,0,1,1,56,,,,5.625,1,49.13081,2,,,,
343,div,div,512,32,16384,16,0,13,13,3103,238.6923077,2,2,540,361,0,0,0,0,41,41,410,10,56,0,1,1,56,,,,5.625,0.5,49.43768,2,,,,
344,div,div,1024,16,16384,16,0,13,13,3103,238.6923077,2,2,540,361,0,0,0,0,41,41,410,10,56,0,1,1,56,,,,5.625,0.5,51.95372,2,,,,
345,div,div,1280,16,20480,16,0,13,13,3103,238.6923077,2,2,540,361,0,0,0,0,41,41,410,10,56,0,1,1,70,,,,7.03125,0.5,53.23307,2,,,,
346,div,div,128,256,32768,16,0,13,13,3103,238.6923077,2,2,540,361,0,0,0,0,41,41,410,10,56,0,1,1,112,,,,11.25,1,51.66374,2,,,,
347,div,div,256,128,32768,16,0,13,13,3103,238.6923077,2,2,540,361,0,0,0,0,41,41,410,10,56,0,1,1,112,,,,11.25,1,51.94936,2,,,,
348,div,div,512,64,32768,16,0,13,13,3103,238.6923077,2,2,540,361,0,0,0,0,41,41,410,10,56,0,1,1,112,,,,11.25,1,51.62933,2,,,,
349,div,div,1024,32,32768,16,0,13,13,3103,238.6923077,2,2,540,361,0,0,0,0,41,41,410,10,56,0,1,1,112,,,,11.25,0.5,53.00101,2,,,,
350,div,div,1280,32,40960,16,0,13,13,3103,238.6923077,2,2,540,361,0,0,0,0,41,41,410,10,56,0,1,1,140,,,,14.0625,0.5,54.44126,2,,,,
351,div,div,2560,16,40960,16,0,13,13,3103,238.6923077,2,2,540,361,0,0,0,0,41,41,410,10,56,0,1,1,140,,,,14.0625,0.5,58.43939,2,,,,
352,div,div,128,512,65536,16,0,13,13,3103,238.6923077,2,2,540,361,0,0,0,0,41,41,410,10,56,0,1,1,224,,,,15,1,57.30093,3,,,,
353,div,div,256,256,65536,16,0,13,13,3103,238.6923077,2,2,540,361,0,0,0,0,41,41,410,10,56,0,1,1,224,,,,15,1,57.9301,3,,,,
354,div,div,512,128,65536,16,0,13,13,3103,238.6923077,2,2,540,361,0,0,0,0,41,41,410,10,56,0,1,1,224,,,,15,1,56.83757,3,,,,
355,div,div,1024,64,65536,16,0,13,13,3103,238.6923077,2,2,540,361,0,0,0,0,41,41,410,10,56,0,1,1,224,,,,15,1,57.22503,3,,,,
356,div,div,1280,64,81920,16,0,13,13,3103,238.6923077,2,2,540,361,0,0,0,0,41,41,410,10,56,0,1,1,280,,,,18.75,1,59.6648,3,,,,
357,div,div,2560,32,81920,16,0,13,13,3103,238.6923077,2,2,540,361,0,0,0,0,41,41,410,10,56,0,1,1,280,,,,18.75,0.5,60.4792,3,,,,
358,div,div,128,16,2048,16,0,13,13,3103,238.6923077,2,2,540,361,0,0,0,0,41,41,410,10,56,0,1,1,7,,,,1.40625,0.5,45.46933,1,,,,
359,div,div,5120,16,81920,16,0,13,13,3103,238.6923077,2,2,540,361,0,0,0,0,41,41,410,10,56,0,1,1,280,,,,18.75,0.5,65.64768,3,,,,
360,div,div,200,512,102400,16,0,13,13,3103,238.6923077,2,2,540,361,0,0,0,0,41,41,410,10,56,0,1,1,350,,,,17.578125,1,65.10497,4,,,,
361,div,div,400,256,102400,16,0,13,13,3103,238.6923077,2,2,540,361,0,0,0,0,41,41,410,10,56,0,1,1,350,,,,17.578125,1,64.20822,4,,,,
362,div,div,800,128,102400,16,0,13,13,3103,238.6923077,2,2,540,361,0,0,0,0,41,41,410,10,56,0,1,1,350,,,,17.578125,1,62.50185,4,,,,
363,div,div,1600,64,102400,16,0,13,13,3103,238.6923077,2,2,540,361,0,0,0,0,41,41,410,10,56,0,1,1,350,,,,17.578125,1,62.77461,4,,,,
364,div,div,3200,32,102400,16,0,13,13,3103,238.6923077,2,2,540,361,0,0,0,0,41,41,410,10,56,0,1,1,350,,,,17.578125,0.5,62.44881,4,,,,
365,div,div,6400,16,102400,16,0,13,13,3103,238.6923077,2,2,540,361,0,0,0,0,41,41,410,10,56,0,1,1,350,,,,17.578125,0.5,67.61271,4,,,,
366,div,div,100,1024,102400,16,0,13,13,3103,238.6923077,2,2,540,361,0,0,0,0,41,41,410,10,56,0,1,1,350,,,,17.578125,1,63.8854,4,,,,
367,div,div,1000,128,128000,16,0,13,13,3103,238.6923077,2,2,540,361,0,0,0,0,41,41,410,10,56,0,1,1,438,,,,17.578125,1,66.55818,5,,,,
368,div,div,128,1024,131072,16,0,13,13,3103,238.6923077,2,2,540,361,0,0,0,0,41,41,410,10,56,0,1,1,448,,,,18,1,68.71443,5,,,,
369,div,div,256,512,131072,16,0,13,13,3103,238.6923077,2,2,540,361,0,0,0,0,41,41,410,10,56,0,1,1,448,,,,18,1,69.13865,5,,,,
370,div,div,512,256,131072,16,0,13,13,3103,238.6923077,2,2,540,361,0,0,0,0,41,41,410,10,56,0,1,1,448,,,,18,1,67.87414,5,,,,
371,div,div,1024,128,131072,16,0,13,13,3103,238.6923077,2,2,540,361,0,0,0,0,41,41,410,10,56,0,1,1,448,,,,18,1,66.58631,5,,,,
372,div,div,1280,128,163840,16,0,13,13,3103,238.6923077,2,2,540,361,0,0,0,0,41,41,410,10,56,0,1,1,560,,,,18.75,1,70.68722,6,,,,
373,div,div,2560,64,163840,16,0,13,13,3103,238.6923077,2,2,540,361,0,0,0,0,41,41,410,10,56,0,1,1,560,,,,18.75,1,68.20422,6,,,,
374,div,div,5120,32,163840,16,0,13,13,3103,238.6923077,2,2,540,361,0,0,0,0,41,41,410,10,56,0,1,1,560,,,,18.75,0.5,68.26821,6,,,,
375,div,div,10240,16,163840,16,0,13,13,3103,238.6923077,2,2,540,361,0,0,0,0,41,41,410,10,56,0,1,1,560,,,,18.75,0.5,71.25694,6,,,,
376,div,div,1500,128,192000,16,0,13,26,6206,238.6923077,2,4,1444,361,0,0,0,0,41,82,820,10,112,0,2,2,1313,,,,100.7254464,1,73.0028,7,,,,
377,div,div,1000,256,256000,16,0,13,26,6206,238.6923077,2,4,1444,361,0,0,0,0,41,82,820,10,112,0,2,2,1750,,,,117.5130208,1,83.68379,8,,,,
378,div,div,2000,128,256000,16,0,13,26,6206,238.6923077,2,4,1444,361,0,0,0,0,41,82,820,10,112,0,2,2,1750,,,,117.5130208,1,79.39141,8,,,,
379,div,div,256,1024,262144,16,0,13,26,6206,238.6923077,2,4,1444,361,0,0,0,0,41,82,820,10,112,0,2,2,1792,,,,106.962963,1,85.07896,9,,,,
380,div,div,512,512,262144,16,0,13,26,6206,238.6923077,2,4,1444,361,0,0,0,0,41,82,820,10,112,0,2,2,1792,,,,106.962963,1,85.4756,9,,,,
381,div,div,1024,256,262144,16,0,13,26,6206,238.6923077,2,4,1444,361,0,0,0,0,41,82,820,10,112,0,2,2,1792,,,,106.962963,1,83.89677,9,,,,
382,div,div,1280,256,327680,16,0,13,26,6206,238.6923077,2,4,1444,361,0,0,0,0,41,82,820,10,112,0,2,2,2240,,,,120.3333333,1,91.94915,10,,,,
383,div,div,2560,128,327680,16,0,13,26,6206,238.6923077,2,4,1444,361,0,0,0,0,41,82,820,10,112,0,2,2,2240,,,,120.3333333,1,83.90631,10,,,,
384,div,div,5120,64,327680,16,0,13,26,6206,238.6923077,2,4,1444,361,0,0,0,0,41,82,820,10,112,0,2,2,2240,,,,120.3333333,1,78.50458,10,,,,
385,div,div,10240,32,327680,16,0,13,26,6206,238.6923077,2,4,1444,361,0,0,0,0,41,82,820,10,112,0,2,2,2240,,,,120.3333333,0.5,74.56809,10,,,,
386,div,div,1500,256,384000,16,0,13,39,9309,238.6923077,2,6,2166,361,0,0,0,0,41,123,1230,10,168,0,3,3,3938,,,,264.4042969,1,96.75023,12,,,,
387,div,div,1000,512,512000,16,0,13,39,9309,238.6923077,2,6,2166,361,0,0,0,0,41,123,1230,10,168,0,3,3,5250,,,,264.4042969,1,113.19656,16,,,,
388,div,div,2000,256,512000,16,0,13,39,9309,238.6923077,2,6,2166,361,0,0,0,0,41,123,1230,10,168,0,3,3,5250,,,,264.4042969,1,106.49025,16,,,,
389,div,div,4000,128,512000,16,0,13,39,9309,238.6923077,2,6,2166,361,0,0,0,0,41,123,1230,10,168,0,3,3,5250,,,,264.4042969,1,95.1272,16,,,,
390,div,div,512,1024,524288,16,0,13,39,9309,238.6923077,2,6,2166,361,0,0,0,0,41,123,1230,10,168,0,3,3,5376,,,,270.75,1,110.0854,16,,,,
391,div,div,1024,512,524288,16,0,13,39,9309,238.6923077,2,6,2166,361,0,0,0,0,41,123,1230,10,168,0,3,3,5376,,,,270.75,1,113.15088,16,,,,
392,div,div,1280,512,655360,16,0,13,52,12412,238.6923077,2,8,2888,361,0,0,0,0,41,164,1640,10,224,0,4,4,8960,,,,481.3333333,1,124.20723,20,,,,
393,div,div,2560,256,655360,16,0,13,52,12412,238.6923077,2,8,2888,361,0,0,0,0,41,164,1640,10,224,0,4,4,8960,,,,481.3333333,1,115.98855,20,,,,
394,div,div,5120,128,655360,16,0,13,52,12412,238.6923077,2,8,2888,361,0,0,0,0,41,164,1640,10,224,0,4,4,8960,,,,481.3333333,1,102.65828,20,,,,
395,div,div,10240,64,655360,16,0,13,52,12412,238.6923077,2,8,2888,361,0,0,0,0,41,164,1640,10,224,0,4,4,8960,,,,481.3333333,1,88.3585,20,,,,
396,div,div,1500,512,768000,16,0,13,65,15515,238.6923077,2,10,3610,361,0,0,0,0,41,205,2050,10,280,0,5,5,13125,,,,766.3892663,1,136.54389,23,,,,
397,div,div,2000,512,1024000,16,0,13,78,18618,238.6923077,2,12,4332,361,0,0,0,0,41,246,2460,10,336,0,6,6,21000,,,,1128.125,1,142.58689,30,,,,
398,div,div,4000,256,1024000,16,0,13,78,18618,238.6923077,2,12,4332,361,0,0,0,0,41,246,2460,10,336,0,6,6,21000,,,,1128.125,1,143.72928,30,,,,
399,div,div,1000,1024,1024000,16,0,13,78,18618,238.6923077,2,12,4332,361,0,0,0,0,41,246,2460,10,336,0,6,6,21000,,,,1128.125,1,141.1051,30,,,,
400,div,div,4000,256,1024000,16,0,13,78,18618,238.6923077,2,12,4332,361,0,0,0,0,41,246,2460,10,336,0,6,6,21000,,,,1128.125,1,143.69983,30,,,,
401,div,div,8000,128,1024000,16,0,13,78,18618,238.6923077,2,12,4332,361,0,0,0,0,41,246,2460,10,336,0,6,6,21000,,,,1128.125,1,135.25984,30,,,,
402,div,div,16000,64,1024000,16,0,13,78,18618,238.6923077,2,12,4332,361,0,0,0,0,41,246,2460,10,336,0,6,6,21000,,,,1128.125,1,109.83658,30,,,,
403,div,div,32000,32,1024000,16,0,13,78,18618,238.6923077,2,12,4332,361,0,0,0,0,41,246,2460,10,336,0,6,6,21000,,,,1128.125,0.5,91.10197,30,,,,
404,div,div,64000,16,1024000,16,0,13,78,18618,238.6923077,2,12,4332,361,0,0,0,0,41,246,2460,10,336,0,6,6,21000,,,,1128.125,0.5,83.25208,30,,,,
405,div,div,1024,1024,1048576,16,0,13,78,18618,238.6923077,2,12,4332,361,0,0,0,0,41,246,2460,10,336,0,6,6,21504,,,,1117.935484,1,138.97114,31,,,,
406,div,div,1280,1024,1310720,16,0,13,104,24824,238.6923077,2,16,5776,361,0,0,0,0,41,328,3280,10,448,0,8,8,35840,,,,1974.700855,1,44.08291,39,,,,
407,div,div,2560,512,1310720,16,0,13,104,24824,238.6923077,2,16,5776,361,0,0,0,0,41,328,3280,10,448,0,8,8,35840,,,,1974.700855,1,43.88646,39,,,,
408,div,div,5120,256,1310720,16,0,13,104,24824,238.6923077,2,16,5776,361,0,0,0,0,41,328,3280,10,448,0,8,8,35840,,,,1974.700855,1,43.49165,39,,,,
409,div,div,10240,128,1310720,16,0,13,104,24824,238.6923077,2,16,5776,361,0,0,0,0,41,328,3280,10,448,0,8,8,35840,,,,1974.700855,1,43.97791,39,,,,
410,div,div,2560,1024,2621440,16,0,13,208,49648,238.6923077,2,32,11552,361,0,0,0,0,41,656,6560,10,896,0,16,16,143360,,,,8106.666667,1,42.93792,76,,,,
411,div,div,5120,512,2621440,16,0,13,208,49648,238.6923077,2,32,11552,361,0,0,0,0,41,656,6560,10,896,0,16,16,143360,,,,8106.666667,1,44.92564,76,,,,
412,div,div,10240,256,2621440,16,0,13,208,49648,238.6923077,2,32,11552,361,0,0,0,0,41,656,6560,10,896,0,16,16,143360,,,,8106.666667,1,43.51978,76,,,,
413,div,div,5120,1024,5242880,16,0,13,416,99296,238.6923077,2,64,23104,361,0,0,0,0,41,1312,13120,10,1792,0,32,32,573440,,,,32641.4128,1,44.00765,151,,,,
414,div,div,10240,512,5242880,16,0,13,416,99296,238.6923077,2,64,23104,361,0,0,0,0,41,1312,13120,10,1792,0,32,32,573440,,,,32641.4128,1,44.82148,151,,,,
415,div,div,20000,512,10240000,16,0,13,819,195489,238.6923077,2,126,45486,361,0,0,0,0,41,2583,25830,10,3528,0,63,63,2205000,,,,126914.0625,1,45.06091,294,,,,
416,div,div,10240,1024,10485760,16,0,13,832,198592,238.6923077,2,128,46208,361,0,0,0,0,41,2624,26240,10,3584,0,64,64,2293760,,,,130999.4241,1,43.26379,301,,,,
417,vecAdd3,vecAdd3,128,16,2048,13,0,16,16,1169,73.0625,4,4,1626,406.5,0,0,0,0,54,54,540,10,74,1,3,1,9,,,,8.46875,0.5,46.65816,1,,,,
418,vecAdd3,vecAdd3,128,32,4096,13,0,16,16,1169,73.0625,4,4,1626,406.5,0,0,0,0,54,54,540,10,74,1,3,1,19,,,,16.9375,0.5,44.71504,1,,,,
419,vecAdd3,vecAdd5,256,16,4096,13,0,16,16,1169,73.0625,4,4,1626,406.5,0,0,0,0,54,54,540,10,74,1,3,1,19,,,,16.9375,0.5,45.68165,1,,,,
420,vecAdd3,vecAdd6,128,64,8192,13,0,16,16,1169,73.0625,4,4,1626,406.5,0,0,0,0,54,54,540,10,74,1,3,1,37,,,,33.875,1,45.73169,1,,,,
421,vecAdd3,vecAdd7,256,32,8192,13,0,16,16,1169,73.0625,4,4,1626,406.5,0,0,0,0,54,54,540,10,74,1,3,1,37,,,,33.875,0.5,46.2719,1,,,,
422,vecAdd3,vecAdd8,512,16,8192,13,0,16,16,1169,73.0625,4,4,1626,406.5,0,0,0,0,54,54,540,10,74,1,3,1,37,,,,33.875,0.5,47.37289,1,,,,
423,vecAdd3,vecAdd9,10,1024,10240,13,0,16,16,1169,73.0625,4,4,1626,406.5,0,0,0,0,54,54,540,10,74,1,3,1,46,,,,42.34375,1,45.2927,1,,,,
424,vecAdd3,vecAdd10,20,512,10240,13,0,16,16,1169,73.0625,4,4,1626,406.5,0,0,0,0,54,54,540,10,74,1,3,1,46,,,,42.34375,1,45.32898,1,,,,
425,vecAdd3,vecAdd11,40,256,10240,13,0,16,16,1169,73.0625,4,4,1626,406.5,0,0,0,0,54,54,540,10,74,1,3,1,46,,,,42.34375,1,45.59077,1,,,,
426,vecAdd3,vecAdd12,80,128,10240,13,0,16,16,1169,73.0625,4,4,1626,406.5,0,0,0,0,54,54,540,10,74,1,3,1,46,,,,42.34375,1,46.1156,1,,,,
427,vecAdd3,vecAdd13,160,64,10240,13,0,16,16,1169,73.0625,4,4,1626,406.5,0,0,0,0,54,54,540,10,74,1,3,1,46,,,,42.34375,1,46.38745,1,,,,
428,vecAdd3,vecAdd14,320,32,10240,13,0,16,16,1169,73.0625,4,4,1626,406.5,0,0,0,0,54,54,540,10,74,1,3,1,46,,,,42.34375,0.5,46.92721,1,,,,
429,vecAdd3,vecAdd15,640,16,10240,13,0,16,16,1169,73.0625,4,4,1626,406.5,0,0,0,0,54,54,540,10,74,1,3,1,46,,,,42.34375,0.5,48.01256,1,,,,
430,vecAdd3,vecAdd16,128,128,16384,13,0,16,16,1169,73.0625,4,4,1626,406.5,0,0,0,0,54,54,540,10,74,1,3,1,74,,,,33.875,1,47.82479,2,,,,
431,vecAdd3,vecAdd17,256,64,16384,13,0,16,16,1169,73.0625,4,4,1626,406.5,0,0,0,0,54,54,540,10,74,1,3,1,74,,,,33.875,1,48.08795,2,,,,
432,vecAdd3,vecAdd18,512,32,16384,13,0,16,16,1169,73.0625,4,4,1626,406.5,0,0,0,0,54,54,540,10,74,1,3,1,74,,,,33.875,0.5,48.3553,2,,,,
433,vecAdd3,vecAdd19,1024,16,16384,13,0,16,16,1169,73.0625,4,4,1626,406.5,0,0,0,0,54,54,540,10,74,1,3,1,74,,,,33.875,0.5,49.90137,2,,,,
434,vecAdd3,vecAdd20,1280,16,20480,13,0,16,16,1169,73.0625,4,4,1626,406.5,0,0,0,0,54,54,540,10,74,1,3,1,93,,,,42.34375,0.5,51.92948,2,,,,
435,vecAdd3,vecAdd21,128,256,32768,13,0,16,16,1169,73.0625,4,4,1626,406.5,0,0,0,0,54,54,540,10,74,1,3,1,148,,,,67.75,1,51.80451,2,,,,
436,vecAdd3,vecAdd22,256,128,32768,13,0,16,16,1169,73.0625,4,4,1626,406.5,0,0,0,0,54,54,540,10,74,1,3,1,148,,,,67.75,1,52.05834,2,,,,
437,vecAdd3,vecAdd23,512,64,32768,13,0,16,16,1169,73.0625,4,4,1626,406.5,0,0,0,0,54,54,540,10,74,1,3,1,148,,,,67.75,1,51.53529,2,,,,
438,vecAdd3,vecAdd24,1024,32,32768,13,0,16,16,1169,73.0625,4,4,1626,406.5,0,0,0,0,54,54,540,10,74,1,3,1,148,,,,67.75,0.5,51.82761,2,,,,
439,vecAdd3,vecAdd25,1280,32,40960,13,0,16,16,1169,73.0625,4,4,1626,406.5,0,0,0,0,54,54,540,10,74,1,3,1,185,,,,84.6875,0.5,54.06679,2,,,,
440,vecAdd3,vecAdd26,2560,16,40960,13,0,16,16,1169,73.0625,4,4,1626,406.5,0,0,0,0,54,54,540,10,74,1,3,1,185,,,,84.6875,0.5,57.34897,2,,,,
441,vecAdd3,vecAdd27,128,512,65536,13,0,16,16,1169,73.0625,4,4,1626,406.5,0,0,0,0,54,54,540,10,74,1,3,1,296,,,,90.33333333,1,59.25175,3,,,,
442,vecAdd3,vecAdd28,256,256,65536,13,0,16,16,1169,73.0625,4,4,1626,406.5,0,0,0,0,54,54,540,10,74,1,3,1,296,,,,90.33333333,1,59.02827,3,,,,
443,vecAdd3,vecAdd29,512,128,65536,13,0,16,16,1169,73.0625,4,4,1626,406.5,0,0,0,0,54,54,540,10,74,1,3,1,296,,,,90.33333333,1,58.05634,3,,,,
444,vecAdd3,vecAdd30,1024,64,65536,13,0,16,16,1169,73.0625,4,4,1626,406.5,0,0,0,0,54,54,540,10,74,1,3,1,296,,,,90.33333333,1,58.01947,3,,,,
445,vecAdd3,vecAdd31,1280,64,81920,13,0,16,16,1169,73.0625,4,4,1626,406.5,0,0,0,0,54,54,540,10,74,1,3,1,370,,,,112.9166667,1,60.78584,3,,,,
446,vecAdd3,vecAdd32,2560,32,81920,13,0,16,16,1169,73.0625,4,4,1626,406.5,0,0,0,0,54,54,540,10,74,1,3,1,370,,,,112.9166667,0.5,60.8873,3,,,,
447,vecAdd3,vecAdd33,128,16,2048,13,0,16,16,1169,73.0625,4,4,1626,406.5,0,0,0,0,54,54,540,10,74,1,3,1,9,,,,8.46875,0.5,43.90904,1,,,,
448,vecAdd3,vecAdd34,5120,16,81920,13,0,16,16,1169,73.0625,4,4,1626,406.5,0,0,0,0,54,54,540,10,74,1,3,1,370,,,,112.9166667,0.5,64.92036,3,,,,
449,vecAdd3,vecAdd35,200,512,102400,13,0,16,16,1169,73.0625,4,4,1626,406.5,0,0,0,0,54,54,540,10,74,1,3,1,463,,,,105.859375,1,67.00084,4,,,,
450,vecAdd3,vecAdd36,400,256,102400,13,0,16,16,1169,73.0625,4,4,1626,406.5,0,0,0,0,54,54,540,10,74,1,3,1,463,,,,105.859375,1,66.62541,4,,,,
451,vecAdd3,vecAdd37,800,128,102400,13,0,16,16,1169,73.0625,4,4,1626,406.5,0,0,0,0,54,54,540,10,74,1,3,1,463,,,,105.859375,1,65.56945,4,,,,
452,vecAdd3,vecAdd38,1600,64,102400,13,0,16,16,1169,73.0625,4,4,1626,406.5,0,0,0,0,54,54,540,10,74,1,3,1,463,,,,105.859375,1,64.06566,4,,,,
453,vecAdd3,vecAdd39,3200,32,102400,13,0,16,16,1169,73.0625,4,4,1626,406.5,0,0,0,0,54,54,540,10,74,1,3,1,463,,,,105.859375,0.5,63.00237,4,,,,
454,vecAdd3,vecAdd40,6400,16,102400,13,0,16,16,1169,73.0625,4,4,1626,406.5,0,0,0,0,54,54,540,10,74,1,3,1,463,,,,105.859375,0.5,67.11716,4,,,,
455,vecAdd3,vecAdd41,100,1024,102400,13,0,16,16,1169,73.0625,4,4,1626,406.5,0,0,0,0,54,54,540,10,74,1,3,1,463,,,,105.859375,1,65.28681,4,,,,
456,vecAdd3,vecAdd42,1000,128,128000,13,0,16,16,1169,73.0625,4,4,1626,406.5,0,0,0,0,54,54,540,10,74,1,3,1,578,,,,105.859375,1,69.36869,5,,,,
457,vecAdd3,vecAdd43,128,1024,131072,13,0,16,16,1169,73.0625,4,4,1626,406.5,0,0,0,0,54,54,540,10,74,1,3,1,592,,,,108.4,1,70.55493,5,,,,
458,vecAdd3,vecAdd44,256,512,131072,13,0,16,16,1169,73.0625,4,4,1626,406.5,0,0,0,0,54,54,540,10,74,1,3,1,592,,,,108.4,1,72.1192,5,,,,
459,vecAdd3,vecAdd45,512,256,131072,13,0,16,16,1169,73.0625,4,4,1626,406.5,0,0,0,0,54,54,540,10,74,1,3,1,592,,,,108.4,1,72.24886,5,,,,
460,vecAdd3,vecAdd46,1024,128,131072,13,0,16,16,1169,73.0625,4,4,1626,406.5,0,0,0,0,54,54,540,10,74,1,3,1,592,,,,108.4,1,69.75334,5,,,,
461,vecAdd3,vecAdd47,1280,128,163840,13,0,16,16,1169,73.0625,4,4,1626,406.5,0,0,0,0,54,54,540,10,74,1,3,1,740,,,,112.9166667,1,75.1175,6,,,,
462,vecAdd3,vecAdd48,2560,64,163840,13,0,16,16,1169,73.0625,4,4,1626,406.5,0,0,0,0,54,54,540,10,74,1,3,1,740,,,,112.9166667,1,71.54751,6,,,,
463,vecAdd3,vecAdd49,5120,32,163840,13,0,16,16,1169,73.0625,4,4,1626,406.5,0,0,0,0,54,54,540,10,74,1,3,1,740,,,,112.9166667,0.5,69.30045,6,,,,
464,vecAdd3,vecAdd50,10240,16,163840,13,0,16,16,1169,73.0625,4,4,1626,406.5,0,0,0,0,54,54,540,10,74,1,3,1,740,,,,112.9166667,0.5,71.21322,6,,,,
465,vecAdd3,vecAdd51,1500,128,192000,13,0,16,32,2338,73.0625,4,8,3252,406.5,0,0,0,0,54,108,1080,10,148,2,6,2,1734,,,,453.6830357,1,78.59977,7,,,,
466,vecAdd3,vecAdd52,1000,256,256000,13,0,16,32,2338,73.0625,4,8,3252,406.5,0,0,0,0,54,108,1080,10,148,2,6,2,2313,,,,529.296875,1,93.11618,8,,,,
467,vecAdd3,vecAdd53,2000,128,256000,13,0,16,32,2338,73.0625,4,8,3252,406.5,0,0,0,0,54,108,1080,10,148,2,6,2,2313,,,,529.296875,1,86.47592,8,,,,
468,vecAdd3,vecAdd54,256,1024,262144,13,0,16,32,2338,73.0625,4,8,3252,406.5,0,0,0,0,54,108,1080,10,148,2,6,2,2368,,,,481.7777778,1,92.28671,9,,,,
469,vecAdd3,vecAdd55,512,512,262144,13,0,16,32,2338,73.0625,4,8,3252,406.5,0,0,0,0,54,108,1080,10,148,2,6,2,2368,,,,481.7777778,1,94.40041,9,,,,
470,vecAdd3,vecAdd56,1024,256,262144,13,0,16,32,2338,73.0625,4,8,3252,406.5,0,0,0,0,54,108,1080,10,148,2,6,2,2368,,,,481.7777778,1,94.33339,9,,,,
471,vecAdd3,vecAdd57,1280,256,327680,13,0,16,32,2338,73.0625,4,8,3252,406.5,0,0,0,0,54,108,1080,10,148,2,6,2,2960,,,,542,1,101.47097,10,,,,
472,vecAdd3,vecAdd58,2560,128,327680,13,0,16,32,2338,73.0625,4,8,3252,406.5,0,0,0,0,54,108,1080,10,148,2,6,2,2960,,,,542,1,92.30288,10,,,,
473,vecAdd3,vecAdd59,5120,64,327680,13,0,16,32,2338,73.0625,4,8,3252,406.5,0,0,0,0,54,108,1080,10,148,2,6,2,2960,,,,542,1,84.63673,10,,,,
474,vecAdd3,vecAdd60,10240,32,327680,13,0,16,32,2338,73.0625,4,8,3252,406.5,0,0,0,0,54,108,1080,10,148,2,6,2,2960,,,,542,0.5,77.06423,10,,,,
475,vecAdd3,vecAdd61,1500,256,384000,13,0,16,48,3507,73.0625,4,12,4878,406.5,0,0,0,0,54,162,1620,10,222,3,9,3,5203,,,,1190.917969,1,116.23373,12,,,,
476,vecAdd3,vecAdd62,1000,512,512000,13,0,16,48,3507,73.0625,4,12,4878,406.5,0,0,0,0,54,162,1620,10,222,3,9,3,6938,,,,1190.917969,1,133.79608,16,,,,
477,vecAdd3,vecAdd63,2000,256,512000,13,0,16,48,3507,73.0625,4,12,4878,406.5,0,0,0,0,54,162,1620,10,222,3,9,3,6938,,,,1190.917969,1,133.54242,16,,,,
478,vecAdd3,vecAdd64,4000,128,512000,13,0,16,48,3507,73.0625,4,12,4878,406.5,0,0,0,0,54,162,1620,10,222,3,9,3,6938,,,,1190.917969,1,133.98813,16,,,,
479,vecAdd3,vecAdd65,512,1024,524288,13,0,16,48,3507,73.0625,4,12,4878,406.5,0,0,0,0,54,162,1620,10,222,3,9,3,7104,,,,1219.5,1,133.54034,16,,,,
480,vecAdd3,vecAdd66,1024,512,524288,13,0,16,48,3507,73.0625,4,12,4878,406.5,0,0,0,0,54,162,1620,10,222,3,9,3,7104,,,,1219.5,1,134.17042,16,,,,
481,vecAdd3,vecAdd67,1280,512,655360,13,0,16,64,4676,73.0625,4,16,6504,406.5,0,0,0,0,54,216,2160,10,296,4,12,4,11840,,,,2168,1,139.31377,20,,,,
482,vecAdd3,vecAdd68,2560,256,655360,13,0,16,64,4676,73.0625,4,16,6504,406.5,0,0,0,0,54,216,2160,10,296,4,12,4,11840,,,,2168,1,139.67226,20,,,,
483,vecAdd3,vecAdd69,5120,128,655360,13,0,16,64,4676,73.0625,4,16,6504,406.5,0,0,0,0,54,216,2160,10,296,4,12,4,11840,,,,2168,1,139.66928,20,,,,
484,vecAdd3,vecAdd70,10240,64,655360,13,0,16,64,4676,73.0625,4,16,6504,406.5,0,0,0,0,54,216,2160,10,296,4,12,4,11840,,,,2168,1,132.20016,20,,,,
485,vecAdd3,vecAdd71,1500,512,768000,13,0,16,80,5845,73.0625,4,20,8130,406.5,0,0,0,0,54,270,2700,10,370,5,15,5,17344,,,,3451.936141,1,142.39551,23,,,,
486,vecAdd3,vecAdd72,2000,512,1024000,13,0,16,112,8183,73.0625,4,28,11382,406.5,0,0,0,0,54,378,3780,10,518,7,21,7,32375,,,,6916.145833,1,146.97785,30,,,,
487,vecAdd3,vecAdd73,4000,256,1024000,13,0,16,112,8183,73.0625,4,28,11382,406.5,0,0,0,0,54,378,3780,10,518,7,21,7,32375,,,,6916.145833,1,147.80076,30,,,,
488,vecAdd3,vecAdd74,1000,1024,1024000,13,0,16,112,8183,73.0625,4,28,11382,406.5,0,0,0,0,54,378,3780,10,518,7,21,7,32375,,,,6916.145833,1,146.4604,30,,,,
489,vecAdd3,vecAdd75,4000,256,1024000,13,0,16,112,8183,73.0625,4,28,11382,406.5,0,0,0,0,54,378,3780,10,518,7,21,7,32375,,,,6916.145833,1,147.30593,30,,,,
490,vecAdd3,vecAdd76,8000,128,1024000,13,0,16,112,8183,73.0625,4,28,11382,406.5,0,0,0,0,54,378,3780,10,518,7,21,7,32375,,,,6916.145833,1,148.1682,30,,,,
491,vecAdd3,vecAdd77,16000,64,1024000,13,0,16,112,8183,73.0625,4,28,11382,406.5,0,0,0,0,54,378,3780,10,518,7,21,7,32375,,,,6916.145833,1,141.67377,30,,,,
492,vecAdd3,vecAdd78,32000,32,1024000,13,0,16,112,8183,73.0625,4,28,11382,406.5,0,0,0,0,54,378,3780,10,518,7,21,7,32375,,,,6916.145833,0.5,110.85303,30,,,,
493,vecAdd3,vecAdd79,64000,16,1024000,13,0,16,112,8183,73.0625,4,28,11382,406.5,0,0,0,0,54,378,3780,10,518,7,21,7,32375,,,,6916.145833,0.5,95.37083,30,,,,
494,vecAdd3,vecAdd80,1024,1024,1048576,13,0,16,112,8183,73.0625,4,28,11382,406.5,0,0,0,0,54,378,3780,10,518,7,21,7,33152,,,,6853.677419,1,147.77538,31,,,,
495,vecAdd3,vecAdd81,1280,1024,1310720,13,0,16,128,9352,73.0625,4,32,13008,406.5,0,0,0,0,54,432,4320,10,592,8,24,8,47360,,,,8894.358974,1,151.26653,39,,,,
496,vecAdd3,vecAdd82,2560,512,1310720,13,0,16,128,9352,73.0625,4,32,13008,406.5,0,0,0,0,54,432,4320,10,592,8,24,8,47360,,,,8894.358974,1,151.63349,39,,,,
497,vecAdd3,vecAdd83,5120,256,1310720,13,0,16,128,9352,73.0625,4,32,13008,406.5,0,0,0,0,54,432,4320,10,592,8,24,8,47360,,,,8894.358974,1,152.56985,39,,,,
498,vecAdd3,vecAdd84,10240,128,1310720,13,0,16,128,9352,73.0625,4,32,13008,406.5,0,0,0,0,54,432,4320,10,592,8,24,8,47360,,,,8894.358974,1,152.85854,39,,,,
499,vecAdd3,vecAdd85,2560,1024,2621440,13,0,16,256,18704,73.0625,4,64,26016,406.5,0,0,0,0,54,864,8640,10,1184,16,48,16,189440,,,,36513.68421,1,159.45119,76,,,,
500,vecAdd3,vecAdd86,5120,512,2621440,13,0,16,256,18704,73.0625,4,64,26016,406.5,0,0,0,0,54,864,8640,10,1184,16,48,16,189440,,,,36513.68421,1,160.38149,76,,,,
501,vecAdd3,vecAdd87,10240,256,2621440,13,0,16,256,18704,73.0625,4,64,26016,406.5,0,0,0,0,54,864,8640,10,1184,16,48,16,189440,,,,36513.68421,1,161.20618,76,,,,
502,vecAdd3,vecAdd88,5120,1024,5242880,13,0,16,512,37408,73.0625,4,128,52032,406.5,0,0,0,0,54,1728,17280,10,2368,32,96,32,757760,,,,147021.9868,1,164.92788,151,,,,
503,vecAdd3,vecAdd89,10240,512,5242880,13,0,16,512,37408,73.0625,4,128,52032,406.5,0,0,0,0,54,1728,17280,10,2368,32,96,32,757760,,,,147021.9868,1,165.92018,151,,,,
504,vecAdd3,vecAdd90,20000,512,10240000,13,0,16,1008,73647,73.0625,4,252,102438,406.5,0,0,0,0,54,3402,34020,10,4662,63,189,63,2913750,,,,571640.625,1,169.13973,294,,,,
505,vecAdd3,vecAdd91,10240,1024,10485760,13,0,16,1024,74816,73.0625,4,256,104064,406.5,0,0,0,0,54,3456,34560,10,4736,64,192,64,3031040,,,,590041.7276,1,170.34936,301,,,,
506,vecAddMul,vecAddMul,128,16,2048,17,0,20,20,1432,71.6,8,8,3252,406.5,0,0,0,0,66,66,660,10,94,1,6,2,12,,,,33.875,0.5,48.02955,1,,,,
507,vecAddMul,vecAddMul,128,32,4096,17,0,20,20,1432,71.6,8,8,3252,406.5,0,0,0,0,66,66,660,10,94,1,6,2,24,,,,67.75,0.5,46.0952,1,,,,
508,vecAddMul,vecAddMul,256,16,4096,17,0,20,20,1432,71.6,8,8,3252,406.5,0,0,0,0,66,66,660,10,94,1,6,2,24,,,,67.75,0.5,47.00968,1,,,,
509,vecAddMul,vecAddMul,128,64,8192,17,0,20,20,1432,71.6,8,8,3252,406.5,0,0,0,0,66,66,660,10,94,1,6,2,47,,,,135.5,1,47.54115,1,,,,
510,vecAddMul,vecAddMul,256,32,8192,17,0,20,20,1432,71.6,8,8,3252,406.5,0,0,0,0,66,66,660,10,94,1,6,2,47,,,,135.5,0.5,47.91132,1,,,,
511,vecAddMul,vecAddMul,512,16,8192,17,0,20,20,1432,71.6,8,8,3252,406.5,0,0,0,0,66,66,660,10,94,1,6,2,47,,,,135.5,0.5,49.19288,1,,,,
512,vecAddMul,vecAddMul,10,1024,10240,17,0,20,20,1432,71.6,8,8,3252,406.5,0,0,0,0,66,66,660,10,94,1,6,2,59,,,,169.375,1,46.74651,1,,,,
513,vecAddMul,vecAddMul,20,512,10240,17,0,20,20,1432,71.6,8,8,3252,406.5,0,0,0,0,66,66,660,10,94,1,6,2,59,,,,169.375,1,46.83388,1,,,,
514,vecAddMul,vecAddMul,40,256,10240,17,0,20,20,1432,71.6,8,8,3252,406.5,0,0,0,0,66,66,660,10,94,1,6,2,59,,,,169.375,1,47.41779,1,,,,
515,vecAddMul,vecAddMul,80,128,10240,17,0,20,20,1432,71.6,8,8,3252,406.5,0,0,0,0,66,66,660,10,94,1,6,2,59,,,,169.375,1,48.15476,1,,,,
516,vecAddMul,vecAddMul,160,64,10240,17,0,20,20,1432,71.6,8,8,3252,406.5,0,0,0,0,66,66,660,10,94,1,6,2,59,,,,169.375,1,48.15682,1,,,,
517,vecAddMul,vecAddMul,320,32,10240,17,0,20,20,1432,71.6,8,8,3252,406.5,0,0,0,0,66,66,660,10,94,1,6,2,59,,,,169.375,0.5,48.7551,1,,,,
518,vecAddMul,vecAddMul,640,16,10240,17,0,20,20,1432,71.6,8,8,3252,406.5,0,0,0,0,66,66,660,10,94,1,6,2,59,,,,169.375,0.5,50.49843,1,,,,
519,vecAddMul,vecAddMul,128,128,16384,17,0,20,20,1432,71.6,8,8,3252,406.5,0,0,0,0,66,66,660,10,94,1,6,2,94,,,,135.5,1,50.2128,2,,,,
520,vecAddMul,vecAddMul,256,64,16384,17,0,20,20,1432,71.6,8,8,3252,406.5,0,0,0,0,66,66,660,10,94,1,6,2,94,,,,135.5,1,50.20255,2,,,,
521,vecAddMul,vecAddMul,512,32,16384,17,0,20,20,1432,71.6,8,8,3252,406.5,0,0,0,0,66,66,660,10,94,1,6,2,94,,,,135.5,0.5,50.37422,2,,,,
522,vecAddMul,vecAddMul,1024,16,16384,17,0,20,20,1432,71.6,8,8,3252,406.5,0,0,0,0,66,66,660,10,94,1,6,2,94,,,,135.5,0.5,53.52964,2,,,,
523,vecAddMul,vecAddMul,1280,16,20480,17,0,20,20,1432,71.6,8,8,3252,406.5,0,0,0,0,66,66,660,10,94,1,6,2,118,,,,169.375,0.5,55.63732,2,,,,
524,vecAddMul,vecAddMul,128,256,32768,17,0,20,20,1432,71.6,8,8,3252,406.5,0,0,0,0,66,66,660,10,94,1,6,2,188,,,,271,1,54.56442,2,,,,
525,vecAddMul,vecAddMul,256,128,32768,17,0,20,20,1432,71.6,8,8,3252,406.5,0,0,0,0,66,66,660,10,94,1,6,2,188,,,,271,1,55.45999,2,,,,
526,vecAddMul,vecAddMul,512,64,32768,17,0,20,20,1432,71.6,8,8,3252,406.5,0,0,0,0,66,66,660,10,94,1,6,2,188,,,,271,1,55.18699,2,,,,
527,vecAddMul,vecAddMul,1024,32,32768,17,0,20,20,1432,71.6,8,8,3252,406.5,0,0,0,0,66,66,660,10,94,1,6,2,188,,,,271,0.5,56.77886,2,,,,
528,vecAddMul,vecAddMul,1280,32,40960,17,0,20,20,1432,71.6,8,8,3252,406.5,0,0,0,0,66,66,660,10,94,1,6,2,235,,,,338.75,0.5,58.72385,2,,,,
529,vecAddMul,vecAddMul,2560,16,40960,17,0,20,20,1432,71.6,8,8,3252,406.5,0,0,0,0,66,66,660,10,94,1,6,2,235,,,,338.75,0.5,62.2801,2,,,,
530,vecAddMul,vecAddMul,128,512,65536,17,0,20,20,1432,71.6,8,8,3252,406.5,0,0,0,0,66,66,660,10,94,1,6,2,376,,,,361.3333333,1,65.11336,3,,,,
531,vecAddMul,vecAddMul,256,256,65536,17,0,20,20,1432,71.6,8,8,3252,406.5,0,0,0,0,66,66,660,10,94,1,6,2,376,,,,361.3333333,1,65.29839,3,,,,
532,vecAddMul,vecAddMul,512,128,65536,17,0,20,20,1432,71.6,8,8,3252,406.5,0,0,0,0,66,66,660,10,94,1,6,2,376,,,,361.3333333,1,64.86428,3,,,,
533,vecAddMul,vecAddMul,1024,64,65536,17,0,20,20,1432,71.6,8,8,3252,406.5,0,0,0,0,66,66,660,10,94,1,6,2,376,,,,361.3333333,1,64.7408,3,,,,
534,vecAddMul,vecAddMul,1280,64,81920,17,0,20,20,1432,71.6,8,8,3252,406.5,0,0,0,0,66,66,660,10,94,1,6,2,470,,,,451.6666667,1,67.9302,3,,,,
535,vecAddMul,vecAddMul,2560,32,81920,17,0,20,20,1432,71.6,8,8,3252,406.5,0,0,0,0,66,66,660,10,94,1,6,2,470,,,,451.6666667,0.5,66.33325,3,,,,
536,vecAddMul,vecAddMul,5120,16,81920,17,0,20,20,1432,71.6,8,8,3252,406.5,0,0,0,0,66,66,660,10,94,1,6,2,470,,,,451.6666667,0.5,71.75281,3,,,,
537,vecAddMul,vecAddMul,200,512,102400,17,0,20,20,1432,71.6,8,8,3252,406.5,0,0,0,0,66,66,660,10,94,1,6,2,588,,,,423.4375,1,75.56374,4,,,,
538,vecAddMul,vecAddMul,400,256,102400,17,0,20,20,1432,71.6,8,8,3252,406.5,0,0,0,0,66,66,660,10,94,1,6,2,588,,,,423.4375,1,76.35539,4,,,,
539,vecAddMul,vecAddMul,800,128,102400,17,0,20,20,1432,71.6,8,8,3252,406.5,0,0,0,0,66,66,660,10,94,1,6,2,588,,,,423.4375,1,74.7598,4,,,,
540,vecAddMul,vecAddMul,1600,64,102400,17,0,20,20,1432,71.6,8,8,3252,406.5,0,0,0,0,66,66,660,10,94,1,6,2,588,,,,423.4375,1,72.61315,4,,,,
541,vecAddMul,vecAddMul,3200,32,102400,17,0,20,20,1432,71.6,8,8,3252,406.5,0,0,0,0,66,66,660,10,94,1,6,2,588,,,,423.4375,0.5,69.80585,4,,,,
542,vecAddMul,vecAddMul,6400,16,102400,17,0,20,20,1432,71.6,8,8,3252,406.5,0,0,0,0,66,66,660,10,94,1,6,2,588,,,,423.4375,0.5,73.74716,4,,,,
543,vecAddMul,vecAddMul,100,1024,102400,17,0,20,20,1432,71.6,8,8,3252,406.5,0,0,0,0,66,66,660,10,94,1,6,2,588,,,,423.4375,1,74.68391,4,,,,
544,vecAddMul,vecAddMul,1000,128,128000,17,0,20,20,1432,71.6,8,8,3252,406.5,0,0,0,0,66,66,660,10,94,1,6,2,734,,,,423.4375,1,80.45143,5,,,,
545,vecAddMul,vecAddMul,128,1024,131072,17,0,20,20,1432,71.6,8,8,3252,406.5,0,0,0,0,66,66,660,10,94,1,6,2,752,,,,433.6,1,81.91561,5,,,,
546,vecAddMul,vecAddMul,256,512,131072,17,0,20,20,1432,71.6,8,8,3252,406.5,0,0,0,0,66,66,660,10,94,1,6,2,752,,,,433.6,1,83.09697,5,,,,
547,vecAddMul,vecAddMul,512,256,131072,17,0,20,20,1432,71.6,8,8,3252,406.5,0,0,0,0,66,66,660,10,94,1,6,2,752,,,,433.6,1,83.20756,5,,,,
548,vecAddMul,vecAddMul,1024,128,131072,17,0,20,20,1432,71.6,8,8,3252,406.5,0,0,0,0,66,66,660,10,94,1,6,2,752,,,,433.6,1,81.45872,5,,,,
549,vecAddMul,vecAddMul,1280,128,163840,17,0,20,20,1432,71.6,8,8,3252,406.5,0,0,0,0,66,66,660,10,94,1,6,2,940,,,,451.6666667,1,87.86802,6,,,,
550,vecAddMul,vecAddMul,2560,64,163840,17,0,20,20,1432,71.6,8,8,3252,406.5,0,0,0,0,66,66,660,10,94,1,6,2,940,,,,451.6666667,1,81.43898,6,,,,
551,vecAddMul,vecAddMul,5120,32,163840,17,0,20,20,1432,71.6,8,8,3252,406.5,0,0,0,0,66,66,660,10,94,1,6,2,940,,,,451.6666667,0.5,77.28375,6,,,,
552,vecAddMul,vecAddMul,10240,16,163840,17,0,20,20,1432,71.6,8,8,3252,406.5,0,0,0,0,66,66,660,10,94,1,6,2,940,,,,451.6666667,0.5,78.1507,6,,,,
553,vecAddMul,vecAddMul,1500,128,192000,17,0,20,40,2864,71.6,8,16,6504,406.5,0,0,0,0,66,132,1320,10,188,2,12,4,2203,,,,1814.732143,1,92.91456,7,,,,
554,vecAddMul,vecAddMul,1000,256,256000,17,0,20,40,2864,71.6,8,16,6504,406.5,0,0,0,0,66,132,1320,10,188,2,12,4,2938,,,,2117.1875,1,114.56703,8,,,,
555,vecAddMul,vecAddMul,2000,128,256000,17,0,20,40,2864,71.6,8,16,6504,406.5,0,0,0,0,66,132,1320,10,188,2,12,4,2938,,,,2117.1875,1,103.53976,8,,,,
556,vecAddMul,vecAddMul,256,1024,262144,17,0,20,40,2864,71.6,8,16,6504,406.5,0,0,0,0,66,132,1320,10,188,2,12,4,3008,,,,1927.111111,1,110.19244,9,,,,
557,vecAddMul,vecAddMul,512,512,262144,17,0,20,40,2864,71.6,8,16,6504,406.5,0,0,0,0,66,132,1320,10,188,2,12,4,3008,,,,1927.111111,1,112.50736,9,,,,
558,vecAddMul,vecAddMul,1024,256,262144,17,0,20,40,2864,71.6,8,16,6504,406.5,0,0,0,0,66,132,1320,10,188,2,12,4,3008,,,,1927.111111,1,114.44246,9,,,,
559,vecAddMul,vecAddMul,1280,256,327680,17,0,20,40,2864,71.6,8,16,6504,406.5,0,0,0,0,66,132,1320,10,188,2,12,4,3760,,,,2168,1,136.76636,10,,,,
560,vecAddMul,vecAddMul,2560,128,327680,17,0,20,40,2864,71.6,8,16,6504,406.5,0,0,0,0,66,132,1320,10,188,2,12,4,3760,,,,2168,1,136.04937,10,,,,
561,vecAddMul,vecAddMul,5120,64,327680,17,0,20,40,2864,71.6,8,16,6504,406.5,0,0,0,0,66,132,1320,10,188,2,12,4,3760,,,,2168,1,125.36888,10,,,,
562,vecAddMul,vecAddMul,10240,32,327680,17,0,20,40,2864,71.6,8,16,6504,406.5,0,0,0,0,66,132,1320,10,188,2,12,4,3760,,,,2168,0.5,105.05966,10,,,,
563,vecAddMul,vecAddMul,1500,256,384000,17,0,20,60,4296,71.6,8,24,6480,406.5,0,0,0,0,66,198,1980,10,282,3,18,6,6609,,,,3164.0625,1,139.76211,12,,,,
564,vecAddMul,vecAddMul,1000,512,512000,17,0,20,60,4296,71.6,8,24,6480,406.5,0,0,0,0,66,198,1980,10,282,3,18,6,8813,,,,3164.0625,1,148.0273,16,,,,
565,vecAddMul,vecAddMul,2000,256,512000,17,0,20,60,4296,71.6,8,24,6480,406.5,0,0,0,0,66,198,1980,10,282,3,18,6,8813,,,,3164.0625,1,149.91473,16,,,,
566,vecAddMul,vecAddMul,4000,128,512000,17,0,20,60,4296,71.6,8,24,6480,406.5,0,0,0,0,66,198,1980,10,282,3,18,6,8813,,,,3164.0625,1,150.4187,16,,,,
567,vecAddMul,vecAddMul,512,1024,524288,17,0,20,60,4296,71.6,8,24,6480,406.5,0,0,0,0,66,198,1980,10,282,3,18,6,9024,,,,3240,1,147.38215,16,,,,
568,vecAddMul,vecAddMul,1024,512,524288,17,0,20,60,4296,71.6,8,24,6480,406.5,0,0,0,0,66,198,1980,10,282,3,18,6,9024,,,,3240,1,148.37761,16,,,,
569,vecAddMul,vecAddMul,1280,512,655360,17,0,20,80,5728,71.6,8,32,13008,406.5,0,0,0,0,66,264,2640,10,376,4,24,8,15040,,,,8672,1,151.55296,20,,,,
570,vecAddMul,vecAddMul,2560,256,655360,17,0,20,80,5728,71.6,8,32,13008,406.5,0,0,0,0,66,264,2640,10,376,4,24,8,15040,,,,8672,1,153.11318,20,,,,
571,vecAddMul,vecAddMul,5120,128,655360,17,0,20,80,5728,71.6,8,32,13008,406.5,0,0,0,0,66,264,2640,10,376,4,24,8,15040,,,,8672,1,154.95171,20,,,,
572,vecAddMul,vecAddMul,10240,64,655360,17,0,20,80,5728,71.6,8,32,13008,406.5,0,0,0,0,66,264,2640,10,376,4,24,8,15040,,,,8672,1,150.86808,20,,,,
573,vecAddMul,vecAddMul,1500,512,768000,17,0,20,100,7160,71.6,8,40,16260,406.5,0,0,0,0,66,330,3300,10,470,5,30,10,22031,,,,13807.74457,1,154.63839,23,,,,
574,vecAddMul,vecAddMul,2000,512,1024000,17,0,20,140,10024,71.6,8,56,22764,406.5,0,0,0,0,66,462,4620,10,658,7,42,14,41125,,,,27664.58333,1,159.27142,30,,,,
575,vecAddMul,vecAddMul,4000,256,1024000,17,0,20,140,10024,71.6,8,56,22764,406.5,0,0,0,0,66,462,4620,10,658,7,42,14,41125,,,,27664.58333,1,161.3311,30,,,,
576,vecAddMul,vecAddMul,1000,1024,1024000,17,0,20,140,10024,71.6,8,56,22764,406.5,0,0,0,0,66,462,4620,10,658,7,42,14,41125,,,,27664.58333,1,157.65293,30,,,,
577,vecAddMul,vecAddMul,4000,256,1024000,17,0,20,140,10024,71.6,8,56,22764,406.5,0,0,0,0,66,462,4620,10,658,7,42,14,41125,,,,27664.58333,1,161.95902,30,,,,
578,vecAddMul,vecAddMul,8000,128,1024000,17,0,20,140,10024,71.6,8,56,22764,406.5,0,0,0,0,66,462,4620,10,658,7,42,14,41125,,,,27664.58333,1,163.1593,30,,,,
579,vecAddMul,vecAddMul,16000,64,1024000,17,0,20,140,10024,71.6,8,56,22764,406.5,0,0,0,0,66,462,4620,10,658,7,42,14,41125,,,,27664.58333,1,159.29856,30,,,,
580,vecAddMul,vecAddMul,32000,32,1024000,17,0,20,140,10024,71.6,8,56,22764,406.5,0,0,0,0,66,462,4620,10,658,7,42,14,41125,,,,27664.58333,0.5,125.1814,30,,,,
581,vecAddMul,vecAddMul,64000,16,1024000,17,0,20,140,10024,71.6,8,56,22764,406.5,0,0,0,0,66,462,4620,10,658,7,42,14,41125,,,,27664.58333,0.5,104.84672,30,,,,
582,vecAddMul,vecAddMul,1024,1024,1048576,17,0,20,140,10024,71.6,8,56,22764,406.5,0,0,0,0,66,462,4620,10,658,7,42,14,42112,,,,27414.70968,1,158.30922,31,,,,
583,vecAddMul,vecAddMul,1280,1024,1310720,17,0,20,160,11456,71.6,8,64,26016,406.5,0,0,0,0,66,528,5280,10,752,8,48,16,60160,,,,35577.4359,1,163.08324,39,,,,
584,vecAddMul,vecAddMul,2560,512,1310720,17,0,20,160,11456,71.6,8,64,26016,406.5,0,0,0,0,66,528,5280,10,752,8,48,16,60160,,,,35577.4359,1,163.9901,39,,,,
585,vecAddMul,vecAddMul,5120,256,1310720,17,0,20,160,11456,71.6,8,64,26016,406.5,0,0,0,0,66,528,5280,10,752,8,48,16,60160,,,,35577.4359,1,165.30417,39,,,,
586,vecAddMul,vecAddMul,10240,128,1310720,17,0,20,160,11456,71.6,8,64,26016,406.5,0,0,0,0,66,528,5280,10,752,8,48,16,60160,,,,35577.4359,1,168.28646,39,,,,
587,vecAddMul,vecAddMul,2560,1024,2621440,17,0,20,320,22912,71.6,8,128,52032,406.5,0,0,0,0,66,1056,10560,10,1504,16,96,32,240640,,,,146054.7368,1,170.80873,76,,,,
588,vecAddMul,vecAddMul,5120,512,2621440,17,0,20,320,22912,71.6,8,128,52032,406.5,0,0,0,0,66,1056,10560,10,1504,16,96,32,240640,,,,146054.7368,1,172.56975,76,,,,
589,vecAddMul,vecAddMul,10240,256,2621440,17,0,20,320,22912,71.6,8,128,52032,406.5,0,0,0,0,66,1056,10560,10,1504,16,96,32,240640,,,,146054.7368,1,174.39849,76,,,,
590,vecAddMul,vecAddMul,5120,1024,5242880,17,0,20,640,45824,71.6,8,256,104064,406.5,0,0,0,0,66,2112,21120,10,3008,32,192,64,962560,,,,588087.947,1,175.56442,151,,,,
591,vecAddMul,vecAddMul,10240,512,5242880,17,0,20,640,45824,71.6,8,256,104064,406.5,0,0,0,0,66,2112,21120,10,3008,32,192,64,962560,,,,588087.947,1,179.91123,151,,,,
592,vecAddMul,vecAddMul,20000,512,10240000,17,0,20,1260,90216,71.6,8,504,204876,406.5,0,0,0,0,66,4158,41580,10,5922,63,378,126,3701250,,,,2286562.5,1,183.34175,294,,,,
593,vecAddMul,vecAddMul,10240,1024,10485760,17,0,20,1280,91648,71.6,8,512,208128,406.5,0,0,0,0,66,4224,42240,10,6016,64,384,128,3850240,,,,2360166.91,1,181.49742,301,,,,
594,Stereo Disparity,Stereo Disparity,1340,256,343040,31,4608,141,282,8882,31.4964539,6,2,540,270,68,136,4896,36,22,952,9520,10,1372,14,0,2,28726,,,,21.41335227,1,173.66347,11,,,,
595,GRU,gru_host,1,100,100,32,400,145,,,#DIV/0!,,,0,#DIV/0!,,,0,#DIV/0!,,,0,#DIV/0!,0,,,,0,,,,0,1,41.02733,1,,,,
596,GRU,gru_host,4,100,400,32,400,145,,,#DIV/0!,,,0,#DIV/0!,,,0,#DIV/0!,,,0,#DIV/0!,0,,,,0,,,,0,1,42.85033,1,,,,
597,GRU,gru_host,16,100,1600,32,400,145,,,#DIV/0!,,,0,#DIV/0!,,,0,#DIV/0!,,,0,#DIV/0!,0,,,,0,,,,0,1,49.31365,1,,,,
598,GRU,gru_host,32,100,3200,32,400,145,,,#DIV/0!,,,0,#DIV/0!,,,0,#DIV/0!,,,0,#DIV/0!,0,,,,0,,,,0,1,58.29948,1,,,,
599,GRU,gru_host,64,100,6400,32,400,145,,,#DIV/0!,,,0,#DIV/0!,,,0,#DIV/0!,,,0,#DIV/0!,0,,,,0,,,,0,1,71.22246,1,,,,
600,clock,timed_reduction,64,256,16384,12,0,37,37,1932,52.21621622,5,5,1714,342.8,3,3,108,36,10,147,1470,10,192,8,2,3,192,,,,44.63541667,1,46.86179,2,,,,
601,clock,timed_reduction,8,16,128,12,0,37,37,1932,52.21621622,5,5,1714,342.8,3,3,108,36,10,147,1470,10,192,8,2,3,2,,,,0.6974283854,0.5,41.21079,1,,,,
602,clock,timed_reduction,8,32,256,12,0,37,37,1932,52.21621622,5,5,1714,342.8,3,3,108,36,10,147,1470,10,192,8,2,3,3,,,,1.394856771,0.5,41.06906,1,,,,
603,clock,timed_reduction,8,64,512,12,0,37,37,1932,52.21621622,5,5,1714,342.8,3,3,108,36,10,147,1470,10,192,8,2,3,6,,,,2.789713542,1,41.25528,1,,,,
604,clock,timed_reduction,16,32,512,12,0,37,37,1932,52.21621622,5,5,1714,342.8,3,3,108,36,10,147,1470,10,192,8,2,3,6,,,,2.789713542,0.5,41.25605,1,,,,
605,clock,timed_reduction,8,128,1024,12,0,37,37,1932,52.21621622,5,5,1714,342.8,3,3,108,36,10,147,1470,10,192,8,2,3,12,,,,5.579427083,1,41.2806,1,,,,
606,clock,timed_reduction,16,64,1024,12,0,37,37,1932,52.21621622,5,5,1714,342.8,3,3,108,36,10,147,1470,10,192,8,2,3,12,,,,5.579427083,1,41.42525,1,,,,
607,clock,timed_reduction,32,32,1024,12,0,37,37,1932,52.21621622,5,5,1714,342.8,3,3,108,36,10,147,1470,10,192,8,2,3,12,,,,5.579427083,0.5,41.71764,1,,,,
608,clock,timed_reduction,8,256,2048,12,0,37,37,1932,52.21621622,5,5,1714,342.8,3,3,108,36,10,147,1470,10,192,8,2,3,24,,,,11.15885417,1,41.46681,1,,,,
609,clock,timed_reduction,16,128,2048,12,0,37,37,1932,52.21621622,5,5,1714,342.8,3,3,108,36,10,147,1470,10,192,8,2,3,24,,,,11.15885417,1,41.83042,1,,,,
610,clock,timed_reduction,32,64,2048,12,0,37,37,1932,52.21621622,5,5,1714,342.8,3,3,108,36,10,147,1470,10,192,8,2,3,24,,,,11.15885417,1,42.06524,1,,,,
611,clock,timed_reduction,16,256,4096,12,0,37,37,1932,52.21621622,5,5,1714,342.8,3,3,108,36,10,147,1470,10,192,8,2,3,48,,,,22.31770833,1,42.33875,1,,,,
612,clock,timed_reduction,32,128,4096,12,0,37,37,1932,52.21621622,5,5,1714,342.8,3,3,108,36,10,147,1470,10,192,8,2,3,48,,,,22.31770833,1,42.79111,1,,,,
613,clock,timed_reduction,128,32,4096,12,0,37,37,1932,52.21621622,5,5,1714,342.8,3,3,108,36,10,147,1470,10,192,8,2,3,48,,,,22.31770833,0.5,43.96569,1,,,,
614,clock,timed_reduction,64,64,4096,12,0,37,37,1932,52.21621622,5,5,1714,342.8,3,3,108,36,10,147,1470,10,192,8,2,3,48,,,,22.31770833,1,43.54816,1,,,,
615,clock,timed_reduction,16,512,8192,12,0,37,37,1932,52.21621622,5,5,1714,342.8,3,3,108,36,10,147,1470,10,192,8,2,3,96,,,,44.63541667,1,43.05395,1,,,,
616,clock,timed_reduction,32,256,8192,12,0,37,37,1932,52.21621622,5,5,1714,342.8,3,3,108,36,10,147,1470,10,192,8,2,3,96,,,,44.63541667,1,43.72408,1,,,,
617,clock,timed_reduction,128,64,8192,12,0,37,37,1932,52.21621622,5,5,1714,342.8,3,3,108,36,10,147,1470,10,192,8,2,3,96,,,,44.63541667,1,45.15918,1,,,,
618,clock,timed_reduction,64,128,8192,12,0,37,37,1932,52.21621622,5,5,1714,342.8,3,3,108,36,10,147,1470,10,192,8,2,3,96,,,,44.63541667,1,44.46001,1,,,,
619,clock,timed_reduction,128,128,16384,12,0,37,37,1932,52.21621622,5,5,1714,342.8,3,3,108,36,10,147,1470,10,192,8,2,3,192,,,,44.63541667,1,46.59407,2,,,,
620,clock,timed_reduction,16,1024,16384,12,0,37,37,1932,52.21621622,5,5,1714,342.8,3,3,108,36,10,147,1470,10,192,8,2,3,192,,,,44.63541667,1,44.79317,2,,,,
621,clock,timed_reduction,32,512,16384,12,0,37,37,1932,52.21621622,5,5,1714,342.8,3,3,108,36,10,147,1470,10,192,8,2,3,192,,,,44.63541667,1,45.33237,2,,,,
622,clock,timed_reduction,64,256,16384,12,0,37,37,1932,52.21621622,5,5,1714,342.8,3,3,108,36,10,147,1470,10,192,8,2,3,192,,,,44.63541667,1,46.34585,2,,,,
623,clock,timed_reduction,32,1024,32768,12,0,37,37,1932,52.21621622,5,5,1714,342.8,3,3,108,36,10,147,1470,10,192,8,2,3,384,,,,89.27083333,1,48.79021,2,,,,
624,clock,timed_reduction,128,256,32768,12,0,37,37,1932,52.21621622,5,5,1714,342.8,3,3,108,36,10,147,1470,10,192,8,2,3,384,,,,89.27083333,1,50.19037,2,,,,
625,clock,timed_reduction,64,512,32768,12,0,37,37,1932,52.21621622,5,5,1714,342.8,3,3,108,36,10,147,1470,10,192,8,2,3,384,,,,89.27083333,1,49.30879,2,,,,
626,clock,timed_reduction,64,1024,65536,12,0,37,37,1932,52.21621622,5,5,1714,342.8,3,3,108,36,10,147,1470,10,192,8,2,3,768,,,,119.0277778,1,55.43516,3,,,,
627,clock,timed_reduction,64,256,16384,12,0,37,37,1932,52.21621622,5,5,1714,342.8,3,3,108,36,10,147,1470,10,192,8,2,3,192,,,,44.63541667,1,45.50665,2,,,,